序号,昵称,邮箱,密码
1,0xMilo,u_2dsvfisk@xxai.com,BfxK8dseSwCi
2,RoninKai,u_bbzgwupc@xxai.com,5jNy5KwQTXg7
3,老K不睡,u_31fepoh1@xxai.com,4q3aRvWeY7hN
4,Vex,u_c8lul9z0@xxai.com,63Xx5yZFE3VZ
5,阿布,u_5n8gjcbp@xxai.com,RndJxLXjayhn
6,LowkeyK,u_2kn8kznb@xxai.com,KiFs6t1TtUJE
7,远山客,u_5yyiefn8@xxai.com,KWvVapxb2WRo
8,MaxOnChain,u_cv9ybxsx@xxai.com,7Q1E6wzDjbce
9,Niko,u_7iaelbdu@xxai.com,12LHrhRBhW4R
10,反手就梭,u_47livpw1@xxai.com,TBZ76QnJjDhm
11,0xRiven,u_7lqi2zvm@xxai.com,4FJejmBHfVfW
12,阿哲,u_f0mgv5on@xxai.com,W92rvXPBxNEP
13,Kairos,u_6h4llyql@xxai.com,66FWs4yLsG8q
14,Momo,u_3nzney7p@xxai.com,JMfykocSP1ne
15,Kenji,u_b339mt12@xxai.com,4spR2Q3diFhw
16,老韭菜,u_77t19lwi@xxai.com,4tDvfsWbvhXd
17,0xMori,u_akme7bkr@xxai.com,3JeK2npWtZb6
18,AshK,u_2cs9t5g2@xxai.com,Dn5CLYqVb3gz
19,小北,u_55ssoq1s@xxai.com,LvpsArdSwsST
20,Ronin77,u_c966onbk@xxai.com,J2RoMMSKQcMQ
21,Maxie,u_cfofn8ms@xxai.com,6fDdYxdHNmdn
22,阿森,u_bz6tak3e@xxai.com,QVJxr4p1Coe1
23,NeverFold,u_41ky3gl3@xxai.com,VrizpdxQHfNm
24,0xNate,u_7wl1mb7o@xxai.com,KNQ41xE11zhV
25,Kaito,u_cn2d523i@xxai.com,Ww6P6K63XW48
26,不做接盘侠,u_2mn6vlo4@xxai.com,SJNarxPYRdDq
27,Vanta,u_6njv63he@xxai.com,FwoXt4o9Mqvb
28,老王看盘,u_b9ncxcmz@xxai.com,KzJ67CDQSN9q
29,0xRen,u_8f4ea5y5@xxai.com,MV8iTCyZBNw8
30,阿凯,u_5p3potrv@xxai.com,RYxAmyAYaoY4
31,QuietK,u_cd3p3msb@xxai.com,E4FcrUBvXDPe
32,还没下车,u_7ikzosc4@xxai.com,TQnhbBjoiaG8
33,Mizu,u_1bp0jlg4@xxai.com,CtTa6JiF1CVu
34,Benji,u_4h4beu38@xxai.com,AQG2qDPzpbif
35,小满,u_6r8m4g98@xxai.com,HSxvjmMCDP7G
36,OneMoreBlock,u_1v1ql1jj@xxai.com,7QskH15Z5WuS
37,0xYuki,u_eq4pkymu@xxai.com,26G88VzaYUw6
38,老陈不割,u_6l6gx9ba@xxai.com,9nyNCSFEepU3
39,Kuro,u_dwdte1x4@xxai.com,4YuSRnB93zuv
40,MaxLowkey,u_8guqv0cm@xxai.com,8GVTCSV1Ko7H
41,阿诚,u_92rxvth1@xxai.com,KVSWS9gN2LDr
42,StillHolding,u_7k14dm8b@xxai.com,6NBLLkBmzHJK
43,Nori,u_6szpcgbh@xxai.com,UzZWswxfn464
44,老赵,u_9qdoytvb@xxai.com,LFfszDq5FgP3
45,0xJin,u_199kcvm8@xxai.com,Cud7ihvgYykc
46,KaiOnChain,u_3uk5hyy0@xxai.com,CA9k2oXj6jQ3
47,不追最后一根,u_er5p09rd@xxai.com,pDz816QJ5zST
48,Vito,u_bwo2h4ns@xxai.com,PuP6CvLGnEXJ
49,阿明,u_77zupdvv@xxai.com,4Kk7RbvsJyK6
50,Nox,u_7sdj8535@xxai.com,6ipAGGR2aqT2
51,还在等回调,u_a6mznyef@xxai.com,QPqg3kaadyiS
52,0xSora,u_evishwz2@xxai.com,9MXJ7y7AvzBX
53,小七,u_3333zf7p@xxai.com,9PppgLLL9nsb
54,Ken,u_d6k589hv@xxai.com,2tvEVTtZmwjB
55,LongTermK,u_etei6aau@xxai.com,JQzA4H9XfjYJ
56,老徐,u_4148g1gd@xxai.com,BxS1tr7om3PS
57,MoriK,u_as9hf7pf@xxai.com,9aMgToP425Go
58,阿洛,u_db58e3ex@xxai.com,9mAEFzwXRPC4
59,NotSelling,u_4shw2k87@xxai.com,yAJw688ACw53
60,0xHaru,u_2m11bpum@xxai.com,7uSznM1tv1zv
61,小川,u_8aocgm0z@xxai.com,CTymYLnQRouv
62,DexterK,u_8qjzk9tv@xxai.com,42PARdwQX7hb
63,老李看盘,u_2d0ypcd1@xxai.com,SWHqUm29nvki
64,Renzo,u_bgmw8y8y@xxai.com,46rHS8izjdrg
65,阿泽,u_adgju8sg@xxai.com,X7evzReipPWq
66,QuietHolder,u_8xjcce14@xxai.com,4XEMUtmiamh9
67,0xLeo,u_55k2jwdx@xxai.com,Cd2C8uZvcvoT
68,小陈,u_dg27gcte@xxai.com,VqiWYgUW7JHe
69,Kaito77,u_bfuexxms@xxai.com,Wy3TaCM2t2cN
70,老吴,u_35ratte7@xxai.com,XyoVT7dybsC5
71,JustHolding,u_bmhqr9lq@xxai.com,LrniNHAioRCr
72,Miko,u_aa06qtd0@xxai.com,KnxsPWfZ3uhn
73,阿远,u_a8ib71py@xxai.com,XUKC4zYyc4Rm
74,0xSeth,u_o6gp2w9t@xxai.com,FuHqQecUJ9xP
75,不追涨,u_42jkgh90@xxai.com,EmYcYzHYdNrZ
76,NekoK,u_242ftsz3@xxai.com,WL5Scps3birR
77,老周,u_6xexyqvb@xxai.com,7diaWTNCq44N
78,Rayn,u_2mv3d629@xxai.com,7XAYtp6DfeLB
79,小林,u_b9zy2aqu@xxai.com,8eGqkD3LrpxR
80,StillEarly,u_3wvze1yl@xxai.com,TkuB8nptLgBJ
81,0xTomo,u_7lf2vky4@xxai.com,5jBuwma2T47q
82,阿杰,u_9y3w0bpv@xxai.com,HRs7tbiS8EZ2
83,KenLowkey,u_6jsvvd81@xxai.com,2eCPLnAihDEd
84,老赵不慌,u_6ba3n880@xxai.com,3RriSpVLQdSA
85,Yuto,u_ebvoox75@xxai.com,V2BRrjAxQCJu
86,小陆,u_9ijn9w0r@xxai.com,4SnA7mbVDFZq
87,HoldingPattern,u_54dyf6ix@xxai.com,HzpgQgB5WjF1
88,0xAki,u_dvwmlky9@xxai.com,JPV2Mitu8SSm
89,阿豪,u_8ut8p7sg@xxai.com,6bMSsT9gWNNb
90,Kuro77,u_3sbrz5oj@xxai.com,6meg6X3B8vHc
91,老张,u_59k6yfj8@xxai.com,Vs6Gu1otqdvA
92,NotYourExit,u_2svukq90@xxai.com,EFwXcn2FufWJ
93,小南,u_byv2x6ig@xxai.com,PHHdL9uDBRGh
94,0xRyo,u_blx7wf3b@xxai.com,G6qvx99PF7sS
95,阿文,u_26su19v2@xxai.com,G7txdgiYcsR7
96,老马不急,u_2d51ne03@xxai.com,REZSX7zGDVx9
97,ApeDepth,u_18gp42rn@xxai.com,4F8dnLQ2LbmH
98,0xCrucible,u_72yyhjfp@xxai.com,YVJU7ZV2jstH
99,ガス代超越者,u_ew7lvxbd@xxai.com,KpZMkynKtYxK
100,DeFi_Horizon,u_1p5vnzgx@xxai.com,QguoWWAf7VqY
