序号,邮箱,用户名,昵称,密码,pincode
343,u_7i6lnv1w@xxai.com,u_7i6lnv1w,奈良っ子,9bdmYxa2CmSb,575871
1193,u_aah0wy1d@xxai.com,u_aah0wy1d,RoseRunner,6KaGkxstPA7r,876501
1356,u_9mkqyat8@xxai.com,u_9mkqyat8,TaylorBold,AQBCCXfBGH6u,46548
191,u_5rym9irx@xxai.com,u_5rym9irx,カイ,Up5NCsBn4MEg,285690
1809,u_enc7ad11@xxai.com,u_enc7ad11,れん,UMADJFXxuZ4A,281441
878,u_cxn3yk4m@xxai.com,u_cxn3yk4m,崔晴空,6bCVqL6hHGGZ,778144
92,u_dz1ivek7@xxai.com,u_dz1ivek7,赖暮色,SRvVga9eb1Nq,112045
1803,u_c5kgsws8@xxai.com,u_c5kgsws8,横浜民,6YBbXeh9PPbF,27925
1682,u_8lir1ibw@xxai.com,u_8lir1ibw,赵夕阳,XfuPS1xKSHCB,521636
1672,u_4ajvljvh@xxai.com,u_4ajvljvh,石安然,KcTa5itHBKwd,97325
11,u_cytiohj2@xxai.com,u_cytiohj2,夏の住人,DnZRsmxQFyKT,664518
674,u_amu39e13@xxai.com,u_amu39e13,IvyRider,SeN1hpcUfj2i,675273
1918,u_a8e1g2gg@xxai.com,u_a8e1g2gg,EmmaMaker,QyEWymoKNwcw,865952
1961,u_8yfnu8ry@xxai.com,u_8yfnu8ry,韩蓝莓,K2T912QcuKn5,28455
1349,u_cqoonz4s@xxai.com,u_cqoonz4s,桃色,MesWJnPRnMt2,624681
618,u_5mu26gp6@xxai.com,u_5mu26gp6,黎流年,SgzomJHKVSNo,131202
1450,u_7r2wt3k4@xxai.com,u_7r2wt3k4,DawnDreamer,GdbdTwvHPrKA,169400
1101,u_4ust6lc8@xxai.com,u_4ust6lc8,梁彩虹,EobEsLt9kPqD,716759
2000,u_ezpfqfkd@xxai.com,u_ezpfqfkd,邓浅夏,4ftPdspQHsMc,21235
1670,u_4yuc3mgd@xxai.com,u_4yuc3mgd,BlakeSwift,Qhfm3WNdy3eB,496789
1691,u_01wgp3nn@xxai.com,u_01wgp3nn,横浜住み,CSdicHLkXksB,216475
1591,u_6ndd1yyp@xxai.com,u_6ndd1yyp,AlexWalker,Tu3MSnWhxCaY,672339
1135,u_1puaq0dv@xxai.com,u_1puaq0dv,顾知秋,7QERTQf1p6kE,527671
1467,u_4i2xswaz@xxai.com,u_4i2xswaz,Stormy_Lion,JXhGarg2GNch,24079
27,u_2gipmag2@xxai.com,u_2gipmag2,顾春风,JmpkTM2WzUKE,800894
130,u_f39c3b3o@xxai.com,u_f39c3b3o,Lazy_Dog,Ecdp2RaCMgjc,575605
1710,u_emf43i5l@xxai.com,u_emf43i5l,朝の天使,TK9WKBgMzAFq,149133
954,u_4een5t04@xxai.com,u_4een5t04,邵怀远,YMrU2Fdw8P1G,635164
410,u_7mq19109@xxai.com,u_7mq19109,もふもふ,KAaiR5D6WhwY,413177
1358,u_50vfrulv@xxai.com,u_50vfrulv,曹若水,EKgihvMuhBAM,848951
1767,u_attobtat@xxai.com,u_attobtat,Lucky_Fox,GCjKLNyzmQwT,797822
1522,u_27scqj0a@xxai.com,u_27scqj0a,空の犬,CUANFyrb5APx,577206
1805,u_c0d8srsm@xxai.com,u_c0d8srsm,文小麦,K8NHcH1w51EC,536363
1690,u_9a9lj5bo@xxai.com,u_9a9lj5bo,BirchFree,9NgsDhg9wCSD,388566
1340,u_bk8mnhv2@xxai.com,u_bk8mnhv2,夏望月,WB9zYNTQjEGm,422227
816,u_18370k8c@xxai.com,u_18370k8c,夜の子,Apthies8F7hp,699243
1182,u_7sdsthoy@xxai.com,u_7sdsthoy,夢見る人,VpS45oTorXTZ,372154
881,u_54odyyti@xxai.com,u_54odyyti,邱慕白,Y4RJSphTuDzK,566813
155,u_dic233f4@xxai.com,u_dic233f4,秋の魚,GfVxsJ7UN9sv,373987
1581,u_e4etqyim@xxai.com,u_e4etqyim,崔含烟,A4rjYR48UC2U,977625
1941,u_3wcdycjr@xxai.com,u_3wcdycjr,赖荷叶,GWUvhzFo2mi1,580811
1402,u_ecp4rpyu@xxai.com,u_ecp4rpyu,文云起,6t6BEjdRd9Js,129801
1309,u_6hxmsfw9@xxai.com,u_6hxmsfw9,CuriousCat,83GokQWmDPAg,400895
326,u_9put8igq@xxai.com,u_9put8igq,石明月,7EYENkxCSD8e,247219
1179,u_6p7wwlbm@xxai.com,u_6p7wwlbm,白天涯,Hde1pmGHbHaV,68837
1602,u_e2gyglof@xxai.com,u_e2gyglof,VioletMoon,Q4Kmp3Sn6Rwm,891514
608,u_a1nrynnb@xxai.com,u_a1nrynnb,星の鳥,NummcYDPgkrS,162084
279,u_19whejm2@xxai.com,u_19whejm2,WolfBold,EyXLdmPfabcy,24298
1054,u_9d95y3xt@xxai.com,u_9d95y3xt,何未央,AdjDNJ6FsR5q,810351
1968,u_a6a330y1@xxai.com,u_a6a330y1,熊莲语,WXsTrKCaubqX,429072
1478,u_c1uif9pb@xxai.com,u_c1uif9pb,胡静好,EmkhuBUXiqZS,696636
102,u_6pory0tj@xxai.com,u_6pory0tj,罗小鹿,3Q7g8trJFGLw,372866
1843,u_5c08i83h@xxai.com,u_5c08i83h,杜月华,4bkieB4DVZsR,852899
438,u_1mk4kbyy@xxai.com,u_1mk4kbyy,LeoCloud,LDqBckxr9dxU,746557
1906,u_b6trwphq@xxai.com,u_b6trwphq,顾未央,2MhZg4Z8g4JG,603441
328,u_5yi57qvn@xxai.com,u_5yi57qvn,曹怀远,VaJWLBVauxAp,101423
891,u_14qqjm4u@xxai.com,u_14qqjm4u,邹糖果,TYbkLNvE38TM,429578
1174,u_2hs9ou3o@xxai.com,u_2hs9ou3o,夢の勇者,MuFNRJ8m1MCg,696958
1143,u_djqwna8e@xxai.com,u_djqwna8e,LazyEagle,KkefQeJULK97,396417
1013,u_c0mpzjmh@xxai.com,u_c0mpzjmh,黄暮色,Ux5Kc14JqvVx,346190
89,u_291yh0fc@xxai.com,u_291yh0fc,秋の賢者,8C228Q2uLkCu,143619
1878,u_esnh8jl4@xxai.com,u_esnh8jl4,高冬雪,VWkXkHsjKC5p,832774
488,u_dselwbqv@xxai.com,u_dselwbqv,徐葡萄,Y7LLkPFL8bwY,254688
1977,u_ajlpg95a@xxai.com,u_ajlpg95a,雪月,Wwn6GYwDzwrg,268981
54,u_b8wokuj1@xxai.com,u_b8wokuj1,王秋水,2dfR1RwmFDqh,359038
157,u_dbtdhyuo@xxai.com,u_dbtdhyuo,大阪民,59n9tGAzXqhZ,211497
1856,u_2xwfp4i1@xxai.com,u_2xwfp4i1,段奔雷,9M4gDWaUqUK9,12173
913,u_vyxzx3cp@xxai.com,u_vyxzx3cp,SkiBunny,2TGw6iD1U8hG,268079
315,u_6bpuo87n@xxai.com,u_6bpuo87n,段小鹿,4hSLLJhLHhV8,687384
1756,u_dhir2k2a@xxai.com,u_dhir2k2a,韩暮色,EiWBovRD4LFi,256654
1165,u_aymza2ty@xxai.com,u_aymza2ty,蔡带露,ctP46xyKBwee,489473
248,u_81j26oe4@xxai.com,u_81j26oe4,钱大白,WCrXdvHgkAf8,135114
1428,u_cbq33mxt@xxai.com,u_cbq33mxt,MorganDreamer,XynmicsmxnGj,921655
717,u_f0xpadq8@xxai.com,u_f0xpadq8,空の鳥,N1Me8Gj5vkEH,770987
903,u_8gflhtdg@xxai.com,u_8gflhtdg,贺松涛,B7Qz4ZGm5K7E,908359
1133,u_1ti46zco@xxai.com,u_1ti46zco,霧の王子,7EnB8c4VQKSL,575647
1284,u_djyf76ov@xxai.com,u_djyf76ov,乔浅笑,CB7KZ55B6NQh,132823
1605,u_3o52drs1@xxai.com,u_3o52drs1,CedarDreamer,MZad872gafiS,825143
596,u_6g7gk0sx@xxai.com,u_6g7gk0sx,爱吃蛋糕的小狗,TzSX1kbFVPwa,799321
930,u_37e8ai57@xxai.com,u_37e8ai57,Tiny_Cat,APkX3h59Rsev,230722
757,u_bo0cdcly@xxai.com,u_bo0cdcly,姚小鹿,4ufY1sFL8GYi,900913
686,u_98vxmrdv@xxai.com,u_98vxmrdv,FrostLight,K3c1mZJGs7dB,251450
793,u_1nih0dow@xxai.com,u_1nih0dow,龙清欢,2bKn87zXPkaW,898841
1045,u_4fu9sdh9@xxai.com,u_4fu9sdh9,ななちゃん,VEda9QUSE7cF,378476
994,u_1pmymix5@xxai.com,u_1pmymix5,RavenSmith,AEUinppcD8Sg,275394
159,u_emrbupko@xxai.com,u_emrbupko,VioletDancer,N6vEsGzJDR1D,310905
1074,u_1wkr1t16@xxai.com,u_1wkr1t16,るんるん,3Qq9JjN1w3FX,176496
1370,u_10vhyxs3@xxai.com,u_10vhyxs3,雪の人魚,R8fR5veohoN4,884120
1325,u_21ug3gh4@xxai.com,u_21ug3gh4,WolfDreamer,AjQbvq16tf37,237782
88,u_ayvyepx7@xxai.com,u_ayvyepx7,范竹风,KBvSUWuMazdA,226056
1435,u_76364rfs@xxai.com,u_76364rfs,BlazeCloud,HT1sS8uaktp7,936908
451,u_67oqga2c@xxai.com,u_67oqga2c,風の騎士,HvTpz6zrzKd3,513583
1277,u_01xn8v3m@xxai.com,u_01xn8v3m,AmberStone,TMSi4M68oSXq,30973
1291,u_1u36njvo@xxai.com,u_1u36njvo,吕明月,XMSdSZ61nbTS,786995
122,u_2qrdfrkn@xxai.com,u_2qrdfrkn,CrazyRabbit,6ok48MCqUfmm,313112
1312,u_e3tobdat@xxai.com,u_e3tobdat,AveryDreamer,TfkiRWJSrbKC,162992
1501,u_6irdcaau@xxai.com,u_6irdcaau,冬の騎士,EuXyfhM1nkJz,311131
1881,u_dpty6842@xxai.com,u_dpty6842,熊如初,BJ2NenQhZZUA,997462
245,u_cg8vl8qu@xxai.com,u_cg8vl8qu,ShadowHill,PVDtQ7VsUFTP,33104
1395,u_bhf3dego@xxai.com,u_bhf3dego,BlazeBright,G175cqFGkHQL,320469
494,u_2fsbkqgo@xxai.com,u_2fsbkqgo,侯海角,AJUQwFhPjfaW,11012
958,u_7yk4evwb@xxai.com,u_7yk4evwb,さくら,2859qG4cPETh,673234
534,u_9vknhtl5@xxai.com,u_9vknhtl5,陈晚风,CcWoMEWYfrhk,164553
1444,u_87s2ghol@xxai.com,u_87s2ghol,RyanHill,EkjeFRCdUMuk,783330
1129,u_ca1m22fg@xxai.com,u_ca1m22fg,料理人,KbtXJrS9GtJ1,105605
472,u_8x2zb81n@xxai.com,u_8x2zb81n,星の猫,Hc1ijcV2ErkC,903742
1748,u_bq1btuw5@xxai.com,u_bq1btuw5,星の勇者,TxT3NgxKgAak,483722
99,u_9kdk23mq@xxai.com,u_9kdk23mq,黄怀远,PPdXbbiwiTkE,977753
1029,u_21y3o5w1@xxai.com,u_21y3o5w1,かいと,UUSsFR88PBdQ,154465
385,u_7lxaermb@xxai.com,u_7lxaermb,StarCloud,YFYuh3cMssMu,483336
1829,u_elvrydos@xxai.com,u_elvrydos,霧の魚,QMT8g5QqyxhT,412600
1286,u_3dsem3ie@xxai.com,u_3dsem3ie,沈带露,KjD4dQesemsx,108451
1795,u_bbiep52d@xxai.com,u_bbiep52d,雪の兎,Ja9dmjz6NY55,960039
1157,u_1bnajo26@xxai.com,u_1bnajo26,ShadowPlayer,Dn9cHJE6bgZQ,255451
1386,u_8m1pkenz@xxai.com,u_8m1pkenz,JadeOcean,FDeqtJaKMcms,257736
629,u_bzlgk54z@xxai.com,u_bzlgk54z,月の精,G7zCsZhN2fPw,554301
79,u_acsbppcs@xxai.com,u_acsbppcs,文金风,G528LuoZAv16,69839
418,u_9x3re5mw@xxai.com,u_9x3re5mw,阎兰心,ChVJzkixRTDw,652133
1088,u_z244r1wp@xxai.com,u_z244r1wp,OlivePrince,BLixvByEACs2,384248
1865,u_88llbbhr@xxai.com,u_88llbbhr,奈良住み,YNm26fGnqeUh,920668
490,u_c9cr41uc@xxai.com,u_c9cr41uc,夢の魔女,HKjAegTyeqng,816490
597,u_9lel4n4q@xxai.com,u_9lel4n4q,易凝霜,2VJKKzYjuXHw,749530
138,u_47v7dgk4@xxai.com,u_47v7dgk4,SkySinger,BJdhh6iqj2kh,760866
1318,u_e3lchqge@xxai.com,u_e3lchqge,ココ★,SnHriFbKMKtn,72483
156,u_6mdr3xaw@xxai.com,u_6mdr3xaw,韩安然,4NRoV5FTcgWX,805425
1068,u_bm1bkmfu@xxai.com,u_bm1bkmfu,夏の精,NgTzAqgA8EhU,301207
1375,u_epfgaes5@xxai.com,u_epfgaes5,HawkBright,GrqqYke69Bzj,218424
1585,u_7u1uxsfv@xxai.com,u_7u1uxsfv,孔凝霜,Y8ZofjKbZVTa,805773
1897,u_f2z3ifd7@xxai.com,u_f2z3ifd7,IrisSeeker,PYXX29CMgtdt,377200
760,u_c2o0i3ce@xxai.com,u_c2o0i3ce,石踏雪,5DUWvLJkP8L9,153134
404,u_5yh7bdwj@xxai.com,u_5yh7bdwj,叶凝霜,VtUgS2gvDbsT,81358
41,u_1b8dad75@xxai.com,u_1b8dad75,空の使者,27SW2apXJB8v,264066
463,u_cxm13hml@xxai.com,u_cxm13hml,走る人,Kb687FQzbZku,52250
539,u_axgr20bc@xxai.com,u_axgr20bc,AspenWind,XiKi5MhJY3TC,76964
508,u_2oz1uv85@xxai.com,u_2oz1uv85,邵梅香,FoPh3TSj7w3S,157028
1561,u_f3u2lbdd@xxai.com,u_f3u2lbdd,Crazy_Whale,6apAp8PJo7yU,541230
824,u_7u09bthg@xxai.com,u_7u09bthg,丁晴空,UAhdmdmWGXeS,636816
750,u_3k29h2vg@xxai.com,u_3k29h2vg,秦红尘,AZ3RbJQbeHdU,903631
1341,u_ey3m3s32@xxai.com,u_ey3m3s32,ユメ,Gj3SoyYjjoAG,248687
1238,u_88t7cgxo@xxai.com,u_88t7cgxo,龚柠檬,EvYopYWLskpP,48154
1278,u_aomtvspd@xxai.com,u_aomtvspd,张柠檬,PrUqWrG2FA5U,70905
202,u_2barh4ti@xxai.com,u_2barh4ti,KaiHunter,ALa8QKRV4HWu,632146
1248,u_5otle716@xxai.com,u_5otle716,DawnKnight,Q5AWR9FkXm8y,667123
1005,u_45f60erv@xxai.com,u_45f60erv,夜の妖精,7bEH9F3jHdNH,884689
748,u_a9jpokgj@xxai.com,u_a9jpokgj,あおい,2pt6PhrywhDV,900889
530,u_eue0ekti@xxai.com,u_eue0ekti,MorganRider,jSYbgVFAEALw,634629
1730,u_82bctmpd@xxai.com,u_82bctmpd,JordanDreamer,9nwyk4RqgZAt,530290
892,u_ayaneoqh@xxai.com,u_ayaneoqh,FaithFree,AMXQwYNHCn8o,227826
1010,u_4953q2uy@xxai.com,u_4953q2uy,金晴空,RCNuMHgcMnd7,291132
1032,u_dtyd4jeq@xxai.com,u_dtyd4jeq,JordanRain,5KwyneH8qGqe,30100
861,u_4v7b6xsj@xxai.com,u_4v7b6xsj,Dark_Shark,HFDxmXuSvFv2,582065
1503,u_3q53bcjx@xxai.com,u_3q53bcjx,苏落雨,E2JHKvEWib9M,32606
882,u_aeeo3896@xxai.com,u_aeeo3896,谭清风,Rsnp1pX9PyYz,939301
174,u_eap2z0or@xxai.com,u_eap2z0or,Gentle_Wolf,DtxS2JT2MpYp,980425
662,u_497aqgni@xxai.com,u_497aqgni,黎浅夏,MRXwnNbM15XP,70715
1027,u_7a9bq3ob@xxai.com,u_7a9bq3ob,昼の守人,Tx3Z4oxndxeU,705532
1837,u_1yhxj4wv@xxai.com,u_1yhxj4wv,森の精,FTs4nreZRNAX,942383
1571,u_brv0egas@xxai.com,u_brv0egas,秋の人魚,6Fcr85eWcSUY,273939
391,u_bmvz66q0@xxai.com,u_bmvz66q0,Gentle_Frog,7RDPauaz8SV7,494733
233,u_epon8o4m@xxai.com,u_epon8o4m,NovaWalker,No9bARcQHXX6,352290
1914,u_1lpnbpvd@xxai.com,u_1lpnbpvd,LilyMaker,HN6GSE2vZcWi,915591
805,u_3iecq4vk@xxai.com,u_3iecq4vk,星河入梦,JYqWFzomgqiG,254157
116,u_eua3e6tw@xxai.com,u_eua3e6tw,空の人魚,LAM6GdYi5yjm,666591
1870,u_2ss4fxl8@xxai.com,u_2ss4fxl8,曹寻欢,Wxooce9yK15Y,824124
456,u_23ycihqn@xxai.com,u_23ycihqn,Gentle_Ant,XymmMexJhYzR,940482
872,u_etfihdkc@xxai.com,u_etfihdkc,袁归途,QDAP2FVqBaVC,541673
308,u_2cxpodne@xxai.com,u_2cxpodne,猫派,TPK8nDGdLwuY,938312
1644,u_besvg4z7@xxai.com,u_besvg4z7,邵花落,KhuNkzj2Xyts,808915
1126,u_1yyffirc@xxai.com,u_1yyffirc,高若水,Fb2qS79yBSJg,795195
514,u_2r7loklb@xxai.com,u_2r7loklb,森の騎士,2u1tRyBBVmD7,327407
304,u_b0b2joen@xxai.com,u_b0b2joen,朧月,GEfjNABZthEj,396253
1223,u_3f9qvjq2@xxai.com,u_3f9qvjq2,雲見る人,XCzdw238qKjS,616727
1700,u_cp6dajk1@xxai.com,u_cp6dajk1,CaseyKeeper,YpgX9EkR6CN1,981397
1851,u_5zjd7xbn@xxai.com,u_5zjd7xbn,孙花落,LA9f3rLyE5go,803022
1810,u_aa3gly97@xxai.com,u_aa3gly97,黄玉龙,27ybero4U3Fh,178489
1471,u_2wjgu3qb@xxai.com,u_2wjgu3qb,RileyStar,7Nu6jnDSPs7R,88856
1752,u_b7kisl6b@xxai.com,u_b7kisl6b,モモ★,9vFTK53a3RxF,820715
1120,u_avivan06@xxai.com,u_avivan06,Sunny_Bear,AhBCFjZUcxPa,865390
959,u_691hpbo7@xxai.com,u_691hpbo7,武朝露,FeNDfi1QH6m3,661206
1454,u_3f8d719j@xxai.com,u_3f8d719j,光の旅人,XcXAcFc4uLcm,947391
1635,u_17g0sati@xxai.com,u_17g0sati,WrenSwift,KUM5N7jaWtF8,225448
1852,u_2jd0epb9@xxai.com,u_2jd0epb9,袁初晴,GHp4A3Q6V7aL,257188
1827,u_1e7uevjy@xxai.com,u_1e7uevjy,FinnWild,4XQyne7WDSLM,921142
786,u_22oprmx4@xxai.com,u_22oprmx4,WillowFisher,DhPW8KZGERV1,955868
127,u_7al89lv2@xxai.com,u_7al89lv2,月の鳥,DdN1PYx5AY77,943493
1679,u_189xxkk0@xxai.com,u_189xxkk0,SkySeeker,6N6GnEU4bhfD,325468
131,u_7j8kkflx@xxai.com,u_7j8kkflx,钟知秋,UPbkFm7qDyQq,504348
628,u_8423iz58@xxai.com,u_8423iz58,空の守人,TXhkGLKfx9ot,67211
1085,u_e0psf3cm@xxai.com,u_e0psf3cm,海の守人,CEgP85JvzGrP,416467
671,u_2jjzop70@xxai.com,u_2jjzop70,DawnHunter,6ebmjgtGUAdU,158660
1247,u_eebv9z5m@xxai.com,u_eebv9z5m,史草莓,3qbqfKWCVRVR,143188
1791,u_84f5dl03@xxai.com,u_84f5dl03,CedarRain,SFkDzSvCyGjJ,427724
171,u_eq39yzxc@xxai.com,u_eq39yzxc,郑叶飞,U8MBrTGa1Kca,549123
108,u_6snrkcdb@xxai.com,u_6snrkcdb,HawkLight,VUpMjEHozBLm,733609
287,u_6i5c2ivc@xxai.com,u_6i5c2ivc,JamieHunter,CMR5vfibJ6iN,559487
1785,u_7lozrvc5@xxai.com,u_7lozrvc5,史清欢,FC5yWQvTBzeC,779581
936,u_4ddxgpq2@xxai.com,u_4ddxgpq2,夢の猫,GLR8Cx3m5i59,889896
1569,u_bpdszszy@xxai.com,u_bpdszszy,昼の猫,WYtASh5VFhAN,981996
46,u_2qx7kxay@xxai.com,u_2qx7kxay,虹の住人,Uv71F7sdkaLD,922687
1362,u_2aejpybb@xxai.com,u_2aejpybb,尹月华,UKkADcFqkAZA,239907
221,u_4ngy86g6@xxai.com,u_4ngy86g6,つよし,Vsy4jTNnxXnz,283029
1822,u_yefxcqw2@xxai.com,u_yefxcqw2,LeoSinger,VdzrD43csLku,383848
1695,u_5w4tj43e@xxai.com,u_5w4tj43e,白凌风,YMpLgvw7miN3,557455
204,u_dpsnrmkl@xxai.com,u_dpsnrmkl,赖慕白,V5UXdLE7YnBw,69514
1389,u_7vvjb5bx@xxai.com,u_7vvjb5bx,潘思源,LBBFdEhfVsf8,777147
1758,u_c4ai9her@xxai.com,u_c4ai9her,苏似锦,M12useqQfQxM,830633
295,u_5a3p14n0@xxai.com,u_5a3p14n0,叶奔雷,4xMJAB9hzvA8,303381
1056,u_7mgc4at4@xxai.com,u_7mgc4at4,IvyWriter,6VcqgkmFv7Y1,923329
966,u_61ha60tb@xxai.com,u_61ha60tb,姚锦时,3U2AvCfEKZc1,826668
422,u_nz79fffx@xxai.com,u_nz79fffx,HopeFree,DVtS5FY8mgnZ,270364
1958,u_b022qj5i@xxai.com,u_b022qj5i,虹の姫,HsU1A9wLf7kc,125242
1751,u_4gjcalqd@xxai.com,u_4gjcalqd,雷心动,WPi1bmR14YXM,769151
1424,u_c95dhjbd@xxai.com,u_c95dhjbd,李绿野,93gTSW2cqc5i,171133
927,u_9ptbs1ep@xxai.com,u_9ptbs1ep,郑微澜,2CNDrYJbshxq,252780
501,u_6jy54j47@xxai.com,u_6jy54j47,冬の子,U9hBkFgiSoX3,501718
703,u_491qlxtr@xxai.com,u_491qlxtr,马慕白,78qgPCXYrFxC,605280
196,u_6szkene7@xxai.com,u_6szkene7,雷葡萄,GmjrsKPpndWF,973106
1893,u_bka3j100@xxai.com,u_bka3j100,花の勇者,BcptXmBVByHB,232272
1249,u_11m4knr8@xxai.com,u_11m4knr8,StormyFox,QMcqhuwUa9a2,22319
1373,u_438q9osp@xxai.com,u_438q9osp,鶯,J9xdE8qV873h,208851
59,u_4y9uetvz@xxai.com,u_4y9uetvz,光の精,QrAzs9TiMU3X,786313
1699,u_ck639vr3@xxai.com,u_ck639vr3,QuinnLight,J7ccQC6rAsjf,340757
622,u_3kucgc7b@xxai.com,u_3kucgc7b,崔冬雪,NdMwdH76uwJy,669635
963,u_7mozjrtl@xxai.com,u_7mozjrtl,RileyFree,DkqwmTcaoQXR,243516
1985,u_1uvh1fxv@xxai.com,u_1uvh1fxv,郑小鹿,Y7n6Q8JTpUPE,108276
1036,u_9sglaju6@xxai.com,u_9sglaju6,宋知秋,C5V251E6gjuV,554933
1469,u_950vg8sc@xxai.com,u_950vg8sc,NovaKeeper,2qaojMdWJQro,259167
416,u_6s40aad8@xxai.com,u_6s40aad8,朱清风,3nUejCDK8xNf,260369
1104,u_8mqdxi15@xxai.com,u_8mqdxi15,LarkMountain,9hLib166Ks4K,794250
254,u_228sezvu@xxai.com,u_228sezvu,蒋心动,7mjFZ3b6QUQs,974688
673,u_73fgvmee@xxai.com,u_73fgvmee,胡莲语,D3eGL695y7NH,485585
980,u_748kp83s@xxai.com,u_748kp83s,咖啡不加糖,MvfdWyVzEdNx,455568
1453,u_8eu0jopw@xxai.com,u_8eu0jopw,アカ,EHXpU6Ek1N53,889177
1455,u_96qcz3h5@xxai.com,u_96qcz3h5,EpicBee,KTEbNNcpx4i5,600691
225,u_17a17zau@xxai.com,u_17a17zau,江追光,KDDF4Ebajbc5,157954
1567,u_bqp3u8gr@xxai.com,u_bqp3u8gr,みどりちゃん,Mgvr1Lt2nzys,315151
1289,u_bl2a7tel@xxai.com,u_bl2a7tel,薛雪舞,RSQun5wBQduc,450261
1582,u_mv03p592@xxai.com,u_mv03p592,HopeMaker,AtDWg51PKrjM,119771
1814,u_4fsc8ph5@xxai.com,u_4fsc8ph5,曹浅夏,QtXC6k3q87t6,106727
466,u_1yfukqid@xxai.com,u_1yfukqid,HazelFire,6wmAHZMphYuR,118007
1124,u_e6hkd4pw@xxai.com,u_e6hkd4pw,段含烟,FnHpcFnJoNrt,808666
1763,u_amv1irzz@xxai.com,u_amv1irzz,丹頂鶴,YStC8SrCkz78,979484
1873,u_bml0ezj5@xxai.com,u_bml0ezj5,春の王子,PHqgUktBdG8e,292241
529,u_5u5jyhoe@xxai.com,u_5u5jyhoe,JaceSun,FgmKjJpKxebB,371124
314,u_eayqvcw2@xxai.com,u_eayqvcw2,唐流年,NRuwBJZVo3wA,723189
62,u_c9d85dbu@xxai.com,u_c9d85dbu,JordanPlayer,A2cAPumDzVXD,594407
1603,u_di1qvhv3@xxai.com,u_di1qvhv3,姚紫霞,9cfWWZdHvj4u,205649
1888,u_58dh36lr@xxai.com,u_58dh36lr,冬の人魚,LSdr325W88YH,179007
1651,u_39l9tpv7@xxai.com,u_39l9tpv7,田青云,7kuvgy4dFKuA,587594
1947,u_c04mk5ir@xxai.com,u_c04mk5ir,秋の精,6huK82WSL1fb,476534
1264,u_e5ybvsd6@xxai.com,u_e5ybvsd6,GentleEagle,6yud4khjwkXX,987176
937,u_1ayj7yhd@xxai.com,u_1ayj7yhd,胡锦时,27cBNSVZ2RFa,381039
1516,u_7fbgarda@xxai.com,u_7fbgarda,爱吃草莓的小狗,XgR6rmayK9QQ,119542
302,u_3fbzu1xf@xxai.com,u_3fbzu1xf,CharlieHill,GN9rE3rJwZTM,745935
659,u_8quqqqgn@xxai.com,u_8quqqqgn,邵莲语,QP8cdwZXN2vo,851638
349,u_cxxbee8m@xxai.com,u_cxxbee8m,萩,WPdRwhuPLG21,362054
921,u_ewfu1077@xxai.com,u_ewfu1077,SageStar,9wPEFqCDvULX,787114
1244,u_3wjowfwv@xxai.com,u_3wjowfwv,江似锦,MoX6Efm6FENJ,228090
1872,u_7w3agjvz@xxai.com,u_7w3agjvz,魏天涯,B5ief9x5UiF1,366607
1980,u_8t3ejc0e@xxai.com,u_8t3ejc0e,ゆい,FKtztD9o36cQ,610202
1203,u_58fuih4w@xxai.com,u_58fuih4w,侯朝露,NVFP4HTdoAut,804865
1687,u_eg8n1547@xxai.com,u_eg8n1547,BrookSmith,NKzLFCeMBQj8,796728
1401,u_950fmz8l@xxai.com,u_950fmz8l,GentleFox,CMW9G2B1ugET,234113
1342,u_3y5g1f3v@xxai.com,u_3y5g1f3v,PineSky,QCLRu4bT7BPS,858338
961,u_93s7vjv8@xxai.com,u_93s7vjv8,侯如初,YDWCqaCydGhU,887408
1713,u_b6dnr1cx@xxai.com,u_b6dnr1cx,雪の使者,Bz1kuj4g6Bu5,481106
30,u_9mvwq9jf@xxai.com,u_9mvwq9jf,贺清欢,Fk1nQus9N1kM,934494
1160,u_5dkk7f6n@xxai.com,u_5dkk7f6n,邵念旧,TEha9SmdzQ25,235762
1115,u_eijem0tz@xxai.com,u_eijem0tz,EvanPrince,NrjKXJwhrAmU,468535
1909,u_1a6bp679@xxai.com,u_1a6bp679,钱蓝莓,BCCtuhpYcMKa,357843
552,u_69ghfltk@xxai.com,u_69ghfltk,MapleHill,3uHohy3nsonv,771385
535,u_2n4ag2mr@xxai.com,u_2n4ag2mr,RyanSmith,T5HeUeVy5Gw7,496817
443,u_ebxrux31@xxai.com,u_ebxrux31,郝葡萄,6jRQhqddT13r,954858
957,u_9n4kxthc@xxai.com,u_9n4kxthc,光の妖精,62F2KFDc15sL,983909
685,u_c7m19wak@xxai.com,u_c7m19wak,秋の妖精,DwZ2oAeYYyy6,972898
547,u_fp1vgksu@xxai.com,u_fp1vgksu,RiverSmith,GorkE1WA27st,923246
1149,u_aqqst609@xxai.com,u_aqqst609,朱锦时,KSM77iHQ848G,964564
474,u_ai7ux4q6@xxai.com,u_ai7ux4q6,汪梦回,63LSaWtUhdgy,879241
316,u_5c727jjw@xxai.com,u_5c727jjw,夢の使者,WKxDw9haNcjA,737599
500,u_cmyfqumr@xxai.com,u_cmyfqumr,FinnSwift,LSSfLBdJ5gs3,323664
710,u_77her7wf@xxai.com,u_77her7wf,朱菊韵,VYFEv48dbpHF,537128
35,u_6h6tnytd@xxai.com,u_6h6tnytd,昼の子,7xkEuKBGKYDJ,777121
1482,u_9vka8elm@xxai.com,u_9vka8elm,横浜好き,65UZYtcWDeFm,424194
523,u_d2kddf84@xxai.com,u_d2kddf84,袁星辰,3XkkzQJPQK4b,891110
1158,u_ddw6ztp1@xxai.com,u_ddw6ztp1,森の賢者,FRVssCcQ2TYq,391144
1911,u_8m8rrg6y@xxai.com,u_8m8rrg6y,冯温柔,5JGJXkBLWXVV,569574
1910,u_caow2ogy@xxai.com,u_caow2ogy,陈紫霞,HnLvmHWP9uoX,290062
1938,u_4e5fcnn5@xxai.com,u_4e5fcnn5,虹色,9xjyUgwBv9ki,679814
1066,u_6lntdrns@xxai.com,u_6lntdrns,AspenKnight,LAjwZ7mWC1zZ,825287
470,u_chqhxiy9@xxai.com,u_chqhxiy9,ゆうき,7SnFhJvXDTz4,404489
965,u_8m0rsiw9@xxai.com,u_8m0rsiw9,熊思源,GH6VCY2JhUmQ,380087
1693,u_bzmua48x@xxai.com,u_bzmua48x,徐小鹿,PoVmDCYqR79S,655004
430,u_cb1urgpo@xxai.com,u_cb1urgpo,VioletDark,2tsnRsq37Zkg,943787
1449,u_424kyczv@xxai.com,u_424kyczv,叶听雨,Uw3VYcFHEenQ,856736
505,u_bc1uyi9e@xxai.com,u_bc1uyi9e,汪海角,WwdyX41nzWo3,636549
1654,u_5h2wlhcr@xxai.com,u_5h2wlhcr,黎夏雨,BFKPpjVanJRk,266841
465,u_dlfdttgi@xxai.com,u_dlfdttgi,雨の魚,JkS9xMpFiGFr,226055
1404,u_523bcpi5@xxai.com,u_523bcpi5,東京民,6jumDs38L6d6,738110
1994,u_d3xfdm9b@xxai.com,u_d3xfdm9b,星の天使,28LVAqr1t529,766615
1575,u_e6i32xn5@xxai.com,u_e6i32xn5,HopeMoon,FBLyJssykFN9,449603
1802,u_3r4ltm6n@xxai.com,u_3r4ltm6n,AmberPlayer,SYqm4MJVjMFG,508235
1261,u_3r1pnoif@xxai.com,u_3r1pnoif,魏初晴,P1Xv1ZE4rSSA,374744
831,u_9kex2e1v@xxai.com,u_9kex2e1v,夏の旅人,3dC5QrEfL22g,424844
1271,u_lpn2iack@xxai.com,u_lpn2iack,FoxBold,WamVzycTZRsc,392625
718,u_dv2ylnat@xxai.com,u_dv2ylnat,乔彩虹,BkBWwygkr9E6,766463
668,u_1gx8ibhj@xxai.com,u_1gx8ibhj,杜竹风,Fd8NYfymsPuG,292614
906,u_50958344@xxai.com,u_50958344,SethMaker,8UZsBGVN9ktg,757822
556,u_acf359i9@xxai.com,u_acf359i9,光の使者,V3qdrcwTY7Cw,190463
1017,u_463s6rvj@xxai.com,u_463s6rvj,魏兰心,4iN2wELi6XmQ,775967
104,u_cwg1nqy1@xxai.com,u_cwg1nqy1,雨音,7EVoPUsoALR6,143560
1607,u_1idlh9nh@xxai.com,u_1idlh9nh,钱素年,35iGxyVuFuSV,214971
669,u_5vhndokn@xxai.com,u_5vhndokn,白映雪,9C3jJVmBVus2,217521
1411,u_0j8la9j0@xxai.com,u_0j8la9j0,常若水,MrnmP6DrQCsc,951213
1390,u_b2r2k3d8@xxai.com,u_b2r2k3d8,陈莲语,WF4mVNnkdAkr,978608
1574,u_dxhaq6gn@xxai.com,u_dxhaq6gn,LarkBaker,KBGPBn9YwDuE,497585
601,u_9vpvxlzq@xxai.com,u_9vpvxlzq,雷银河,DkZTYHWbUPcU,463999
1933,u_1altehxa@xxai.com,u_1altehxa,钟清欢,5foYHZQcBuX7,92763
619,u_7rb3vmse@xxai.com,u_7rb3vmse,海の妖精,LVo4qrUn7S97,74619
631,u_cgf3oe7a@xxai.com,u_cgf3oe7a,虹の魔女,4UFNf8uxuS3w,45694
1285,u_5gdibwvi@xxai.com,u_5gdibwvi,Dark_Whale,31VWf5BXg7Vu,173096
1240,u_8zdbzgrq@xxai.com,u_8zdbzgrq,汤小麦,9bZ3Ev42EUz9,216567
1931,u_ci1uu4lo@xxai.com,u_ci1uu4lo,萧微澜,Gn2ixiKxJ7FL,202843
839,u_77l90lg1@xxai.com,u_77l90lg1,马远山,LPdSD6W87HqS,159113
1880,u_cycp780m@xxai.com,u_cycp780m,孙莲语,3Pmfrbjv3Q9Z,610681
210,u_4r6lkt13@xxai.com,u_4r6lkt13,EmmaKnight,3wxMFx5RYwvp,532110
1862,u_bb73guxf@xxai.com,u_bb73guxf,RainyAnt,JJuo3Bv41dYr,754452
1369,u_2vg0557v@xxai.com,u_2vg0557v,LilyKing,LcHdhqWdPnZb,692165
953,u_os82dzoz@xxai.com,u_os82dzoz,戴安然,KJHVQRxWChYd,340244
820,u_b9x1bpkb@xxai.com,u_b9x1bpkb,夜の魚,DshhTLG8UuJP,729604
991,u_akysmdy9@xxai.com,u_akysmdy9,金心动,Fd1PfNpW4XgK,411192
549,u_4yt8bfja@xxai.com,u_4yt8bfja,朝の犬,5eVWUqTkhHTw,357892
932,u_adlflj01@xxai.com,u_adlflj01,JoyPrince,Y22yVYnxkzBK,68329
1807,u_19c8qn3q@xxai.com,u_19c8qn3q,CharlieSmith,7geKEFHRk3Az,225830
216,u_1qcc89s6@xxai.com,u_1qcc89s6,AriaPainter,AoTCw64Vq2TR,644442
1064,u_dkp7otpy@xxai.com,u_dkp7otpy,ちひろさん,UcM7AZkthpHA,930987
1034,u_77a8my34@xxai.com,u_77a8my34,林彩虹,PCgs3onvnH1t,797368
1625,u_djpvqot6@xxai.com,u_djpvqot6,段松涛,H3exvNeGG76J,504552
635,u_5o4j3xdw@xxai.com,u_5o4j3xdw,钟归途,LCNPrANH3RYx,508507
1554,u_cetsq2yu@xxai.com,u_cetsq2yu,SethDancer,Jb5df61ETo4R,915436
382,u_4fq0s1ax@xxai.com,u_4fq0s1ax,LarkStone,Hsxt85nphD1Z,249748
181,u_evpy4t66@xxai.com,u_evpy4t66,尹夕阳,2HmMUU7VcwV5,613628
1328,u_01kpzcmw@xxai.com,u_01kpzcmw,汪寻欢,CbztCts4snt6,58478
271,u_1jsl4ncv@xxai.com,u_1jsl4ncv,PhoenixBright,HP8u1rKmXZr6,48778
902,u_1nham7fh@xxai.com,u_1nham7fh,钱近水,R9ne8aGszTsU,872135
1468,u_axcinqy7@xxai.com,u_axcinqy7,虹の天使,UJqGEjQX3jrC,386357
1737,u_1hon7od7@xxai.com,u_1hon7od7,萧素年,WnHB7FHDzG7t,843749
1076,u_398xt4yu@xxai.com,u_398xt4yu,乔锦时,5m3q11EQU6E3,823591
1892,u_c8b2ztd8@xxai.com,u_c8b2ztd8,花の子,UUzmqHXT6k7v,122030
252,u_1awfly4z@xxai.com,u_1awfly4z,Warm_Whale,C2aoX9tykWEL,217306
931,u_pk64rwjx@xxai.com,u_pk64rwjx,叶含烟,A58sBxG3nh1L,318586
555,u_8g64zfg7@xxai.com,u_8g64zfg7,WolfBaker,GYCHmNQp5tvZ,564810
1296,u_954z665s@xxai.com,u_954z665s,ミク★,UScMuG6abbrR,382714
1864,u_6n4t3s8u@xxai.com,u_6n4t3s8u,尹大白,CmHg9sBR6jzd,325614
1784,u_11mpdrih@xxai.com,u_11mpdrih,虹の騎士,6bbicyhp277c,749597
676,u_f3plb4a7@xxai.com,u_f3plb4a7,FaithWood,RfmV9oDj6bCC,620948
544,u_5spsso2a@xxai.com,u_5spsso2a,康梅香,ET2WF3gAJ8W9,399509
1771,u_bt58swsg@xxai.com,u_bt58swsg,DrewField,SFqan7RngbJ1,305672
432,u_1p7t2fr1@xxai.com,u_1p7t2fr1,PuzzleSolver,87znV3aD3ifd,504693
1002,u_a3e2bfvd@xxai.com,u_a3e2bfvd,大空,Jst7HAttyPdv,185329
1615,u_7j7xqzy9@xxai.com,u_7j7xqzy9,FinnFire,XpMfx2Z1dzv5,232254
1964,u_6bi4l0p8@xxai.com,u_6bi4l0p8,彭兰心,N6JJP17Br2Ms,414532
1194,u_2eqiflke@xxai.com,u_2eqiflke,易明月,UpHK4r8ZWH9P,589702
61,u_9b44efz3@xxai.com,u_9b44efz3,廖云起,3Gv9kGp4s6Nk,983227
1739,u_2gyszoet@xxai.com,u_2gyszoet,陈樱桃,4WgL8PSFNALh,79794
1942,u_es7m4w4v@xxai.com,u_es7m4w4v,雪の子,JoeVEr9ch75V,347575
1489,u_egciq623@xxai.com,u_egciq623,何浅夏,SwWMwSSC7XXD,444425
1734,u_b7ywmeun@xxai.com,u_b7ywmeun,杜玉米,Z6eCfm7BQsYC,500191
553,u_3nrksbeh@xxai.com,u_3nrksbeh,董锦时,GLC3yxK5RuYQ,737603
1647,u_d589vke0@xxai.com,u_d589vke0,MapleRider,95E2K4638dQT,275185
1929,u_e8ey54x1@xxai.com,u_e8ey54x1,JaceKeeper,P7NZdN5ekL3V,938181
150,u_eubz3vr7@xxai.com,u_eubz3vr7,沖縄っ子,DJKKArmBiUHk,104353
427,u_acrw7tq2@xxai.com,u_acrw7tq2,海の勇者,3BKa5xgi1WVK,244447
445,u_adxg64gd@xxai.com,u_adxg64gd,Crazy_Bear,KGdqE1218ubM,498087
845,u_d3c9u600@xxai.com,u_d3c9u600,周青云,G3UTuy2E7hF3,181841
1387,u_2vwasw84@xxai.com,u_2vwasw84,郑深秋,EHnv8JitFbui,379141
768,u_22vyn9qm@xxai.com,u_22vyn9qm,CrazyAnt,TTwiEU2zN6EC,668103
1547,u_b5iy0kyc@xxai.com,u_b5iy0kyc,Epic_Wolf,BWYYKQSwUKTc,887696
896,u_c9bah4x5@xxai.com,u_c9bah4x5,PineLake,Vw6JJqAwuZJr,536037
1055,u_cjo2ivur@xxai.com,u_cjo2ivur,RoseSmith,RLKTqVJCANA6,456170
762,u_5v5qw0qp@xxai.com,u_5v5qw0qp,SnowSwift,4EzZQvd23dUn,764279
242,u_gbad7zfu@xxai.com,u_gbad7zfu,森の天使,UYAweHh7GZZL,317741
1572,u_5j8lth8m@xxai.com,u_5j8lth8m,まほちゃん,5xtSWjCPpUwJ,336962
586,u_8fven95k@xxai.com,u_8fven95k,丁如初,TRBkSNyhUkz9,438586
684,u_3jtd48z3@xxai.com,u_3jtd48z3,WillowQueen,UzM1peTYVgTm,162468
840,u_3aq04mli@xxai.com,u_3aq04mli,ゆうた,2AsmmF1ygR7R,746360
236,u_daxfqnje@xxai.com,u_daxfqnje,夢の天使,5msEcvFHnFRG,594871
1163,u_8lg73p55@xxai.com,u_8lg73p55,ひなた,5BYEP7czZVMS,440402
894,u_5bbws3xw@xxai.com,u_5bbws3xw,桔梗,V7r5m3skx2sD,644923
1976,u_d83b4zyy@xxai.com,u_d83b4zyy,赵惊鸿,chz1HAN4f2rq,706895
34,u_e6sx0e00@xxai.com,u_e6sx0e00,空の妖精,W9tJWgondk1y,296880
1808,u_kr78pjgz@xxai.com,u_kr78pjgz,邹松涛,F2pM9F2ya5K8,765079
1123,u_3o5vv54s@xxai.com,u_3o5vv54s,叶绿野,Riewsz1smKys,654994
1817,u_ck1oblun@xxai.com,u_ck1oblun,秦金风,UnoHFg8Jwqcm,574991
1922,u_bg87hnmb@xxai.com,u_bg87hnmb,花の鳥,95rGyDBZuj4R,855371
1378,u_7rf5cex6@xxai.com,u_7rf5cex6,孙望月,6oagMM57LrSt,962018
332,u_5r31x6b1@xxai.com,u_5r31x6b1,霧の姫,61XGpWhk2ETq,281013
1050,u_80km2uq8@xxai.com,u_80km2uq8,汪日暮,E1Mqtn9RX1qp,672922
575,u_ecyenrii@xxai.com,u_ecyenrii,尹菊韵,8fGBcxbVXNxQ,707860
65,u_6d02cibx@xxai.com,u_6d02cibx,SnowCook,L4DRQ9rV3spn,281349
777,u_2majtl2i@xxai.com,u_2majtl2i,姜梅香,MT19jt37WPHY,267428
119,u_252qi6ke@xxai.com,u_252qi6ke,GraceStone,CnX5QhYAT5nj,39394
1409,u_juwkwvlr@xxai.com,u_juwkwvlr,SageWriter,4VYZDa9kLoTr,123446
1857,u_87u36a3k@xxai.com,u_87u36a3k,IvyBright,MZs7xoqmcbHF,552680
1219,u_9rdhwzhq@xxai.com,u_9rdhwzhq,ShadowCloud,2pEdtUnKBChC,450508
658,u_9ey6yfmi@xxai.com,u_9ey6yfmi,EmmaRiver,LnYg7cZvTehu,57331
363,u_1moiny9t@xxai.com,u_1moiny9t,朝の住人,E7er4VUH781i,776931
543,u_4cnpzq2l@xxai.com,u_4cnpzq2l,邹玉龙,5jsMoVXh7Jsp,900980
1233,u_hazlqxyx@xxai.com,u_hazlqxyx,BearKnight,8uHs8af6jzyF,4457
614,u_auhvffgm@xxai.com,u_auhvffgm,康惊鸿,D6YHc7E5ySAP,274546
173,u_b6e1gbj1@xxai.com,u_b6e1gbj1,CalmBird,8F11j599jqJY,869723
1846,u_9olxv3e2@xxai.com,u_9olxv3e2,段追光,5BU4ycgPo22X,882915
918,u_4rkq0hgt@xxai.com,u_4rkq0hgt,马糖果,6CcGbR4tKhHc,892092
1594,u_c171t2ea@xxai.com,u_c171t2ea,JoyRider,MmCb4JstB7jr,713383
773,u_113pb93o@xxai.com,u_113pb93o,ゆうきさん,To7fWivh4tr4,717343
408,u_96lh3ntf@xxai.com,u_96lh3ntf,花の騎士,AfTZL5pJCVSQ,432695
1227,u_1vwvrq9h@xxai.com,u_1vwvrq9h,Bright_Duck,EMsfMYkbgjXc,9538
863,u_47pm9fv4@xxai.com,u_47pm9fv4,唐飞花,Aube9LDPakEj,130910
1500,u_4p8lairx@xxai.com,u_4p8lairx,QuinnWriter,KvPRZTtbgpVj,388608
1711,u_85na4mpq@xxai.com,u_85na4mpq,江思源,SxyDe7ZvMoFG,922557
354,u_2u5e0qm9@xxai.com,u_2u5e0qm9,常暮色,Xzme4t2bo1sG,215565
889,u_66nhjrou@xxai.com,u_66nhjrou,许青云,C8z3Sdf4zWK1,527805
299,u_d0ere8q2@xxai.com,u_d0ere8q2,GraceStar,SErDTiqAFfVM,690265
1781,u_2y0hhp52@xxai.com,u_2y0hhp52,森の人魚,5JwV9x6NGE1E,465263
1132,u_3wnrd0dq@xxai.com,u_3wnrd0dq,さくらちゃん,Yb4GjHhN74mH,126458
972,u_4p85t7uq@xxai.com,u_4p85t7uq,PhoenixBrave,Fwo3gB2d91Z3,625725
264,u_ej1fi4al@xxai.com,u_ej1fi4al,陈寻欢,RM5nNb2QRXN7,405574
945,u_3tvnrpqe@xxai.com,u_3tvnrpqe,金青云,5y4Z9j9f8s5P,452624
858,u_kbbdxf00@xxai.com,u_kbbdxf00,尹深秋,FsbWKqz9cvBn,366224
856,u_cqs9e371@xxai.com,u_cqs9e371,IvyWild,W4Kh4aPYSY9X,39817
311,u_dfh7z1zb@xxai.com,u_dfh7z1zb,昼の使者,8TqdfchYPiTP,531650
105,u_8zc25l2u@xxai.com,u_8zc25l2u,星の旅人,EqwoNKQHMCus,418771
964,u_2oylokyh@xxai.com,u_2oylokyh,HopePlayer,SUek6Qx4Sygc,196942
942,u_cxdhkdsc@xxai.com,u_cxdhkdsc,AshDancer,FcjDPaqprJ5W,556754
384,u_cecn89lm@xxai.com,u_cecn89lm,朱霜降,AM6KL1axFBMt,378439
306,u_12gkrcmy@xxai.com,u_12gkrcmy,BirchWild,XLipaoUhf9ev,909109
55,u_3kfh63ij@xxai.com,u_3kfh63ij,FierceRabbit,6o3u3KqAJTn6,157230
389,u_2jsi8tla@xxai.com,u_2jsi8tla,LunaField,DDRqtZUf5QwQ,969829
1885,u_79qxic7y@xxai.com,u_79qxic7y,LilyWild,Wp68BeuZUtcc,605569
772,u_8crtp4ys@xxai.com,u_8crtp4ys,潘浅笑,TSWhwBiYuajf,271582
1515,u_9h185msm@xxai.com,u_9h185msm,夢の守人,9HuW2pb7hfXY,813537
1928,u_a0r1o00x@xxai.com,u_a0r1o00x,熊梅香,XjazJLJLXdF9,795697
6,u_7uutf3uu@xxai.com,u_7uutf3uu,许芒果,J9qEhkWpykRJ,336884
1724,u_3dfin128@xxai.com,u_3dfin128,梁梦回,JqWpng7GqBf7,219025
110,u_4a5rpehg@xxai.com,u_4a5rpehg,蔡凝霜,XaZYWsxUJCiM,934400
722,u_6v274pze@xxai.com,u_6v274pze,RiverBold,XUYA9KHrMu2B,474680
234,u_92ernpv9@xxai.com,u_92ernpv9,邱思源,JYmF4fWBGZjZ,712987
1924,u_b5do0tdr@xxai.com,u_b5do0tdr,EmmaQueen,E4pkKeBPygsu,521880
214,u_eo6joyy5@xxai.com,u_eo6joyy5,宋似锦,D2NDcbuEwF66,143329
1354,u_e3kgl1pu@xxai.com,u_e3kgl1pu,WindyDog,C8TaMLBy4q2j,257901
1701,u_ekcobyx9@xxai.com,u_ekcobyx9,みずきちゃん,4x5fipcC2Tge,519672
1195,u_dprtpqe0@xxai.com,u_dprtpqe0,谢惊鸿,26ELm3Cgikcn,451369
817,u_9yhdo2c6@xxai.com,u_9yhdo2c6,HawkCook,WZkEUD5naqFZ,79396
1546,u_cumtbims@xxai.com,u_cumtbims,FaithRain,DuWTunApoGS7,586428
143,u_33q2ibgo@xxai.com,u_33q2ibgo,周思源,H3uXbcJ5SwHm,235867
1445,u_7btsvuic@xxai.com,u_7btsvuic,林未央,JuWH4kASyvrS,53825
1982,u_4wds80gu@xxai.com,u_4wds80gu,SamStone,JwykDnLNxR51,122778
1365,u_r706vy7y@xxai.com,u_r706vy7y,叶铁马,Tdg3fUoAmUci,104744
742,u_egwtbsoa@xxai.com,u_egwtbsoa,CedarSmith,V37jvKMd6QtE,55034
1293,u_2ankm4vn@xxai.com,u_2ankm4vn,ミク,CCh5vKQg8won,602277
572,u_c917dfss@xxai.com,u_c917dfss,任秋水,2EbP2DGvEAFB,185559
766,u_cpx8oroo@xxai.com,u_cpx8oroo,花鳥,5H3JaBGPAvPv,685084
396,u_2yhz5y7n@xxai.com,u_2yhz5y7n,霧の妖精,3gS8gZ5jKjsw,351984
587,u_dsdxi6vj@xxai.com,u_dsdxi6vj,曹归途,FNpVUKqGWAi3,904927
1649,u_8lzyj5ka@xxai.com,u_8lzyj5ka,沈清风,4U52fc8p432j,163825
1267,u_ewa6rk3x@xxai.com,u_ewa6rk3x,沈霜降,MZnBD2NrX2dc,712005
688,u_9nk7foj5@xxai.com,u_9nk7foj5,陆梦回,SDaWBsgLr6ZR,624699
300,u_7cclwje9@xxai.com,u_7cclwje9,不想上班的小羊,XKRgyXPxcHU7,885972
1396,u_93w7gpmu@xxai.com,u_93w7gpmu,WindyDuck,4tqzQUUZgWTS,677192
1020,u_7oh3tpiv@xxai.com,u_7oh3tpiv,BearSinger,3fwwqdibLCVR,931373
1137,u_ca25c1bh@xxai.com,u_ca25c1bh,杜海角,HksCfkaMiC6E,88283
558,u_88cwp4yo@xxai.com,u_88cwp4yo,月の住人,N1QG48zci6LG,215240
1441,u_cennyxxw@xxai.com,u_cennyxxw,蔡望月,QP9nSThdDzfn,811832
167,u_6zfk19v5@xxai.com,u_6zfk19v5,雨の王子,,
330,u_1ussm7ws@xxai.com,u_1ussm7ws,雨の鳥,72wSrV8N8cXA,334580
1011,u_9d0b4nmv@xxai.com,u_9d0b4nmv,RyanField,X8Yu6ATtv4VP,289208
405,u_763y19qn@xxai.com,u_763y19qn,NovaSky,KbG9xxbcdG83,307152
735,u_4rzhfqk4@xxai.com,u_4rzhfqk4,夏夏雨,XVRweEzt4Ewx,488621
203,u_7k3zddbw@xxai.com,u_7k3zddbw,蔡红尘,H2uvf6n1vdFu,730390
208,u_bwsqby04@xxai.com,u_bwsqby04,MapleKeeper,MM6BfTMFnQXV,211583
1975,u_7olnktwe@xxai.com,u_7olnktwe,神戸住み,KWLJ9dUFxGV5,101069
1869,u_dppbwnlg@xxai.com,u_dppbwnlg,NoahKing,9ku7eU4nEFDE,318418
752,u_10tlzem0@xxai.com,u_10tlzem0,大阪好き,JFf8N6a5n4Qz,367399
109,u_axyiyba6@xxai.com,u_axyiyba6,RainyOwl,JrqMaaVDigbK,288308
644,u_2qas35ws@xxai.com,u_2qas35ws,KaiSinger,YGvAGJkGLbti,404575
540,u_akotw6n7@xxai.com,u_akotw6n7,珈琲時間,QfT65B4wyMPu,855397
98,u_10g69xve@xxai.com,u_10g69xve,万初晴,NYf1S3rKii1E,820185
1614,u_dqigjtg1@xxai.com,u_dqigjtg1,映画好き,YBXpy9ZPHASE,1687
1310,u_dylbrumg@xxai.com,u_dylbrumg,徐清欢,VWCmxg1zudLu,715439
1329,u_288tr1lw@xxai.com,u_288tr1lw,邱花落,N7ccpz1RN2ST,744551
82,u_23iit961@xxai.com,u_23iit961,李樱桃,7KPEE64ivM24,512137
246,u_8skiizer@xxai.com,u_8skiizer,OliveSwift,2XJkN9dsb7SG,949148
1023,u_0208khky@xxai.com,u_0208khky,范玉龙,E4gkHJ8bFmJa,946829
1721,u_1ue5byt2@xxai.com,u_1ue5byt2,高深秋,RG1nPX6R5Xf7,807860
1772,u_e4a7zk92@xxai.com,u_e4a7zk92,海の賢者,VwYzNsTTyTPx,102619
1304,u_cc9uj7s6@xxai.com,u_cc9uj7s6,LazyFox,VU4t8zLxLkeq,633781
378,u_1bwd3jej@xxai.com,u_1bwd3jej,曾夏雨,E4244y1VS2u1,345387
1568,u_2g8wbyo7@xxai.com,u_2g8wbyo7,RainMaker,6G6hva5AStLK,694713
1282,u_bedb1ki5@xxai.com,u_bedb1ki5,狐,AT8a6CtzwrP8,862767
148,u_3xlk4mnj@xxai.com,u_3xlk4mnj,ツキ,WGnG6BCayXYk,527485
1270,u_8n03gae6@xxai.com,u_8n03gae6,ホシ★,DmuJCyTNumrz,638569
834,u_87lpkhq2@xxai.com,u_87lpkhq2,许清欢,PQgNm4CfFomH,393319
1718,u_3h3j6ald@xxai.com,u_3h3j6ald,紺碧,6NsLmkUhSpWW,313460
1562,u_ejy8twf3@xxai.com,u_ejy8twf3,アメ★,KBXeGs49aRZm,247647
390,u_7agxb62h@xxai.com,u_7agxb62h,SweetEagle,4DRtD6ws3Bv4,115509
975,u_670rdgx9@xxai.com,u_670rdgx9,AveryBrave,PqmuTdjw47A6,734523
85,u_7jvju19l@xxai.com,u_7jvju19l,胡梅香,qADysZitbk7E,132818
72,u_p89ce121@xxai.com,u_p89ce121,余温柔,SYPuKwMQWySk,482222
365,u_918n9ktg@xxai.com,u_918n9ktg,阳光灿烂,DbUa6Ng2vLDa,674985
1152,u_2x2mzhdw@xxai.com,u_2x2mzhdw,NovaMaker,95hJMCsoAz5L,338306
1221,u_20e0rsej@xxai.com,u_20e0rsej,海の兎,17ghBQmtgVMy,789601
1921,u_blkj7qrh@xxai.com,u_blkj7qrh,FinnSeeker,RPR9dCrotRhn,913298
1720,u_6ceb66my@xxai.com,u_6ceb66my,WrenPrince,LRgS58jxNHBw,591016
403,u_bxvggsu4@xxai.com,u_bxvggsu4,DrewWind,HR5qeeMLc5AL,352117
240,u_3k2e9zg8@xxai.com,u_3k2e9zg8,陈冬雪,LaN1dZNm9CCh,114049
485,u_d9ueasrz@xxai.com,u_d9ueasrz,冬の住人,PrWZGHC7vb4C,472134
301,u_9dzoxtr3@xxai.com,u_9dzoxtr3,あかりさん,7c1jUHTHQXPZ,883496
1495,u_6oo9mj2y@xxai.com,u_6oo9mj2y,春の天使,SvrJz2PKXchH,39354
1692,u_3bowurb1@xxai.com,u_3bowurb1,茜色,DTPe718BqSo1,52404
1336,u_0241goyc@xxai.com,u_0241goyc,EvanMaker,M3dEau1eZhfV,561298
376,u_15d6vpxk@xxai.com,u_15d6vpxk,萧拾光,Y7urarrJ2rP7,439922
1797,u_28zgp20w@xxai.com,u_28zgp20w,蒋柠檬,S9YJuNbd7oTR,187124
690,u_dyan159s@xxai.com,u_dyan159s,徐凌风,NMxzshgvwwhE,768002
767,u_7dm6ruij@xxai.com,u_7dm6ruij,LuckyTiger,5Xy9HnhCT9KW,865349
1228,u_9eq2pgqy@xxai.com,u_9eq2pgqy,FinnWalker,FUTfKK3Nwp51,943649
1298,u_a5g378im@xxai.com,u_a5g378im,MaxDancer,HixrgJJ8Fybk,375495
1702,u_bur4zcxo@xxai.com,u_bur4zcxo,曹似锦,32TcX6vn8Cp3,645156
1463,u_94i6um9s@xxai.com,u_94i6um9s,常含烟,N5rLR9cVxGjn,279397
256,u_6oljgon9@xxai.com,u_6oljgon9,AshPlayer,VqwwJi73fNbG,941356
1523,u_5tq72r9g@xxai.com,u_5tq72r9g,钟清风,7QC2woaAUogG,446006
899,u_f444dh5x@xxai.com,u_f444dh5x,薛花落,8JBdz5jFD5uW,647082
1874,u_xtrgo09e@xxai.com,u_xtrgo09e,GraceQueen,7fvdj1b1Uxd3,202546
168,u_9y7o4z5q@xxai.com,u_9y7o4z5q,罗浅笑,5VHHTQatgiVc,939040
1555,u_6twp41x8@xxai.com,u_6twp41x8,風の勇者,N1xzLVZTDdev,391197
257,u_9zw191m8@xxai.com,u_9zw191m8,藤色,4Gfpsdxg4JNr,432795
941,u_xul4y3t0@xxai.com,u_xul4y3t0,IceBreaker,7kb8ky7r3a8D,164100
1796,u_eqh10g3v@xxai.com,u_eqh10g3v,JordanTrue,DuabFaEmLSg3,270647
1541,u_18k4rt4l@xxai.com,u_18k4rt4l,BirchHill,Sc3gzNN7f6sg,63447
1761,u_7ozsv3kq@xxai.com,u_7ozsv3kq,刘天涯,E1QkdGhzuUDZ,905286
981,u_9eb5kvvc@xxai.com,u_9eb5kvvc,CalmFrog,PkLV6fWQApUH,206429
362,u_5nms9esw@xxai.com,u_5nms9esw,小鱼在路上,TEppoD7r3smq,626955
598,u_4rylvrx0@xxai.com,u_4rylvrx0,毛紫霞,NwpfagXciX2W,773502
1440,u_59tttlcz@xxai.com,u_59tttlcz,犬派,RhPQiNXyGgun,953907
1528,u_2r1fuey7@xxai.com,u_2r1fuey7,WillowDark,LxCXQZycpVyE,728189
1988,u_3lk07u3j@xxai.com,u_3lk07u3j,陆带露,4YQaF5vz7rQc,59071
1996,u_8hln5db9@xxai.com,u_8hln5db9,NoahKind,7cPHgbYd2WHN,32166
968,u_2z3o5hci@xxai.com,u_2z3o5hci,SkyFree,MX573e1arrfP,661427
1866,u_4a4lbhem@xxai.com,u_4a4lbhem,夏半夏,VNYphiiNfCfC,261293
464,u_3e900pn6@xxai.com,u_3e900pn6,白初晴,GtXJBzXKVoXX,703324
1426,u_52418txo@xxai.com,u_52418txo,孔晨俊,SbptPz8KK6Sr,823718
1520,u_7r6k0zbq@xxai.com,u_7r6k0zbq,AveryMoon,Etk1yu6BdSoD,732756
1150,u_bf9zxde0@xxai.com,u_bf9zxde0,ゆうま,7geQLSnx2YG9,833018
1950,u_5knf2ulh@xxai.com,u_5knf2ulh,TinyShark,BuQsodEhW8ZN,215934
758,u_1b2swnk0@xxai.com,u_1b2swnk0,朱小鹿,oJJyJYfybGkg,787854
869,u_d8yw6vuk@xxai.com,u_d8yw6vuk,程冬雪,NbJWjiGyr9DV,566441
1969,u_i273ehbh@xxai.com,u_i273ehbh,CedarKeeper,Wew3ANUZPr8p,50589
1043,u_1wr1ahwl@xxai.com,u_1wr1ahwl,蒼天,KafDq82xFTv4,580207
901,u_1dvcvl3x@xxai.com,u_1dvcvl3x,余大白,KqsydTKBCj41,454758
1317,u_3qk57nae@xxai.com,u_3qk57nae,ZoeRain,WjFz4gjBVg34,284216
294,u_3exut61p@xxai.com,u_3exut61p,侯银河,HykU1LxTbNyy,295880
1361,u_a0hgdc76@xxai.com,u_a0hgdc76,夜の守人,JbHR1KkEcYda,59618
134,u_bdwbwp6r@xxai.com,u_bdwbwp6r,夜の賢者,8cBS9uCqwVWV,165990
29,u_blixf6ua@xxai.com,u_blixf6ua,はるかちゃん,EzgB6J5s7APA,158315
592,u_aes4abij@xxai.com,u_aes4abij,唐西瓜,PQ8YxkqJnWTZ,427629
643,u_3hhs1hs6@xxai.com,u_3hhs1hs6,赵糖果,EAXVrDePeRkT,718352
929,u_dsg2uarw@xxai.com,u_dsg2uarw,虹の子,5Lg8VSBEateF,946475
846,u_25wkddj3@xxai.com,u_25wkddj3,奈良民,VyGcfT1LqEpm,350579
1903,u_dcxt7j76@xxai.com,u_dcxt7j76,龚如初,Gh3wCRob58ej,288668
1272,u_aol4pniw@xxai.com,u_aol4pniw,傅菊韵,YUE9VdAhPBf5,409213
320,u_7vv0h84y@xxai.com,u_7vv0h84y,雨の兎,YU2KFnPXpTaj,316417
1661,u_7nwtcsow@xxai.com,u_7nwtcsow,StormOcean,UGPCQe3vaE5F,978083
726,u_1azn7lk0@xxai.com,u_1azn7lk0,傅浅夏,QZqdBbgZrBc5,856301
1559,u_43932mpy@xxai.com,u_43932mpy,韩铁马,Xe2s9xgtAatB,979603
1534,u_2yj3odhd@xxai.com,u_2yj3odhd,クロ★,VsG6pzzFc1WC,809067
940,u_x7ng4ttt@xxai.com,u_x7ng4ttt,万程辰,E3DJ5YYDG4cx,180426
1820,u_ap0a1q9p@xxai.com,u_ap0a1q9p,SkyKind,9RySxiSiXKfp,963240
125,u_2zyx8iy5@xxai.com,u_2zyx8iy5,田星辰,TjfwP7eqLUZQ,805573
255,u_b5ow4usj@xxai.com,u_b5ow4usj,余惊鸿,PtgBiJwAEgSX,143340
681,u_63lo9euw@xxai.com,u_63lo9euw,陈石桥,8aX9Utj8api2,129842
18,u_cs4ktsuu@xxai.com,u_cs4ktsuu,昼の住人,XTvo4zL9FF3n,594157
1913,u_blam9ubf@xxai.com,u_blam9ubf,花の守人,K57D1tJqCeC5,244013
368,u_01xy7vaz@xxai.com,u_01xy7vaz,AveryRunner,PwC8VPNTiCKf,64524
915,u_ezgik631@xxai.com,u_ezgik631,Gentle_Cat,5PUJEM9BMi6B,365985
774,u_m4nmbbni@xxai.com,u_m4nmbbni,MorganPainter,LUhu7yMUUfsm,983719
373,u_crgo7rne@xxai.com,u_crgo7rne,昼の魚,5fXvLAYroQKf,730930
459,u_dsq2askl@xxai.com,u_dsq2askl,雨の守人,8bLdjJs5KupC,953447
342,u_cngrg3d9@xxai.com,u_cngrg3d9,白鷺,DqZkShVZJV4E,977600
476,u_4ydy9pjg@xxai.com,u_4ydy9pjg,春の旅人,JnSG2DLxh3W1,830281
1799,u_015ylaw2@xxai.com,u_015ylaw2,吴莲语,DgmzU5FYWP9Z,586637
1242,u_5k1vrunu@xxai.com,u_5k1vrunu,HopeDark,332Rk3NCDQG7,209361
1204,u_233fgn2e@xxai.com,u_233fgn2e,汤冬雪,FdWHDxZi6k91,576659
1473,u_f2dt2c0s@xxai.com,u_f2dt2c0s,邓竹风,6AFKs5zwPV4K,172226
1314,u_a6vmel91@xxai.com,u_a6vmel91,JoySky,QK6RbyyNMc6C,691512
1237,u_6x1u0mcl@xxai.com,u_6x1u0mcl,FaithRunner,2RqSNEqPgoZ6,29370
1652,u_28cvd03e@xxai.com,u_28cvd03e,OakBuilder,HqFAmeYp6u7s,282458
1861,u_9a9moqg6@xxai.com,u_9a9moqg6,易芒果,JS1dGmMHrhSV,891542
1234,u_8vlomnst@xxai.com,u_8vlomnst,姜晴空,4sA6GmBRnyfL,769420
794,u_d6usr0y4@xxai.com,u_d6usr0y4,孙明月,YDy5xcPN1QaA,595631
1750,u_bl7d557o@xxai.com,u_bl7d557o,龙凌风,AStJ4eXTFugu,217758
610,u_5ia343r0@xxai.com,u_5ia343r0,龚逐浪,C66cVB9xYrw5,647541
974,u_c3atjgpm@xxai.com,u_c3atjgpm,EdenMountain,CA52yosiVG8N,474921
324,u_8nzxqgm3@xxai.com,u_8nzxqgm3,かおり,NT6FTmanLiiT,118615
595,u_bvvxnf1a@xxai.com,u_bvvxnf1a,ZoeFree,3Sz4Z6KMuLif,785873
1858,u_8qvzlt5p@xxai.com,u_8qvzlt5p,邓长安,9sogV6xmqWba,602334
1939,u_9ubq1oq3@xxai.com,u_9ubq1oq3,WrenFree,GU21cC9wEs3C,721943
327,u_7lqbz0mh@xxai.com,u_7lqbz0mh,PineBaker,AmYKjQCtZ7SX,325024
1511,u_7ek4s6kw@xxai.com,u_7ek4s6kw,強い心,Sh2Rgq99FYDD,548782
356,u_546hhsjr@xxai.com,u_546hhsjr,MaxSinger,8vgj4B7e5JiJ,119708
1113,u_6cflo0tb@xxai.com,u_6cflo0tb,蒋温柔,VEfZwuZ5covj,690175
951,u_emba5wkf@xxai.com,u_emba5wkf,陈凝霜,P3fm2v7q27CA,302101
1239,u_avlqjfji@xxai.com,u_avlqjfji,蔡近水,AiV7q3qNtVnX,686718
1377,u_4i1impa7@xxai.com,u_4i1impa7,何逐浪,FhqEM9HgnkJ4,477915
633,u_e6ibvaie@xxai.com,u_e6ibvaie,CharlieDreamer,ReWLbiKVurDX,593706
1007,u_c6ep45fy@xxai.com,u_c6ep45fy,周清欢,XaYxyBGFz7FL,537371
1251,u_bowqgm28@xxai.com,u_bowqgm28,阎朝露,GHA4ksJkT7Qc,748987
1052,u_cb7osfuh@xxai.com,u_cb7osfuh,江金风,3HKF21H5pGh7,803087
803,u_uiln1c82@xxai.com,u_uiln1c82,张思源,6ELn6bYbEGnj,311384
360,u_1svkk1q0@xxai.com,u_1svkk1q0,アオ★,L8eFxvfLq1ot,462955
851,u_6s5qyq41@xxai.com,u_6s5qyq41,雷清风,U2nDoxsFxyuN,949156
1429,u_3c2r0mhx@xxai.com,u_3c2r0mhx,彭心动,5FySGUUukNT4,855006
955,u_b7gu9mrd@xxai.com,u_b7gu9mrd,马碎玉,TEDyhNdkWfnh,305288
237,u_6zaq4vfg@xxai.com,u_6zaq4vfg,范安然,BsYUkVvpL2km,505355
1630,u_exoj603m@xxai.com,u_exoj603m,RiverWriter,FFDkguhBgwX9,694823
1155,u_9gf45y7k@xxai.com,u_9gf45y7k,霧の勇者,GHv1L9MrCALN,672338
1481,u_95gzzfpc@xxai.com,u_95gzzfpc,SethBaker,NoM5sWTVgyJo,561414
604,u_8xnazcs5@xxai.com,u_8xnazcs5,沈天涯,7d2DZV6N6nQW,627147
829,u_eyp0h94z@xxai.com,u_eyp0h94z,LuckyFish,Eos5EoCCbU7K,302555
487,u_96anencv@xxai.com,u_96anencv,夢の鳥,Wn4S5YdCyEmV,261931
576,u_aintgrjv@xxai.com,u_aintgrjv,侯稻花,4yes41AYzonj,957256
152,u_6vxp7xea@xxai.com,u_6vxp7xea,李大白,ECptsVJidJcq,645898
1357,u_2vjjgdea@xxai.com,u_2vjjgdea,ゆいちゃん,5rjRDohdnN5n,843173
1071,u_3va0k2ss@xxai.com,u_3va0k2ss,FinnPainter,HwZCLn6uygGa,467817
1280,u_2fs8iipx@xxai.com,u_2fs8iipx,彭知秋,AveWBhC5Qsf4,644017
21,u_3iq9kx7g@xxai.com,u_3iq9kx7g,あおいちゃん,WLY2LnzvYrNx,916847
460,u_candipxm@xxai.com,u_candipxm,CrazyBird,5BEjJWTG82tV,25508
1959,u_elv9s995@xxai.com,u_elv9s995,许深秋,Rpnxrkwq3VTV,488902
664,u_5e0avd26@xxai.com,u_5e0avd26,陈梦回,GBZcquRuon2v,903497
1166,u_c7nqlxpd@xxai.com,u_c7nqlxpd,江芒果,BsXyS3Ag3yMs,843586
497,u_22inb3qg@xxai.com,u_22inb3qg,潘拾光,XcerNzFk3V26,858240
1288,u_8wzaywp8@xxai.com,u_8wzaywp8,霧の精,ExHscQRZ18oE,873651
1209,u_7yj4z5i2@xxai.com,u_7yj4z5i2,钟浅夏,SVsF1b6qkBWf,44469
699,u_b97a2g5t@xxai.com,u_b97a2g5t,本の虫,MYN8GpwnVEVi,848081
467,u_c2i17rgo@xxai.com,u_c2i17rgo,LazyTiger,JJGjurYYhGG6,964786
68,u_41omwrvp@xxai.com,u_41omwrvp,夏の王子,6ALZcaqFCUAv,526947
1018,u_1wubi0pl@xxai.com,u_1wubi0pl,邓映雪,BR7Qp3FpwAGA,142335
739,u_f2oo4q35@xxai.com,u_f2oo4q35,FernBright,Fax9Kei3hjZZ,651348
1037,u_c80vgnyw@xxai.com,u_c80vgnyw,任碎玉,LyYNfthBGTWw,419940
169,u_e4oz2og9@xxai.com,u_e4oz2og9,FinnSmith,Dby6RqgdcrQp,963230
1553,u_3h0amohr@xxai.com,u_3h0amohr,PearlSwift,MEVazvHcnBVZ,286626
1580,u_9m9id6oy@xxai.com,u_9m9id6oy,つばさちゃん,GkTu5xS48XRS,111909
893,u_c1qcy69k@xxai.com,u_c1qcy69k,NoahLake,W5m4rgu4a7Bc,639632
1297,u_6yup2zn4@xxai.com,u_6yup2zn4,黄听雨,MQXFQGrpHjLr,105238
1004,u_eu11j1tb@xxai.com,u_eu11j1tb,吴芒果,UyBhumiEVzjy,136513
909,u_348bbkqb@xxai.com,u_348bbkqb,谭松涛,XmHUmzAvQucx,576261
1600,u_2nmnzpw6@xxai.com,u_2nmnzpw6,ChillShark,VJL58RMhX8cV,369952
1331,u_vv7m1fos@xxai.com,u_vv7m1fos,紅葉,QqKQb7rFbeV4,677425
1400,u_5vkai3ah@xxai.com,u_5vkai3ah,冬の使者,AUZrX3e9y527,448353
1081,u_19m6uli9@xxai.com,u_19m6uli9,快乐鲸鱼,Lsdiu4UsyWyB,827175
1421,u_8yqf54z2@xxai.com,u_8yqf54z2,SethDreamer,4F7ZLjwUa1xR,567547
1216,u_256pjes4@xxai.com,u_256pjes4,杜飞花,P5eNi7nR3uZr,245021
111,u_76yd4ib7@xxai.com,u_76yd4ib7,テツ,SAaDGfJeWbBf,736146
266,u_a17zkhxi@xxai.com,u_a17zkhxi,程金风,HQc6jwWRWjZw,209813
1486,u_f3qf5jo3@xxai.com,u_f3qf5jo3,EvanRiver,CeKJNLz8tJHw,924951
536,u_326l2cuk@xxai.com,u_326l2cuk,周霜降,5FyMsmaiHxRr,974583
503,u_apngrvnk@xxai.com,u_apngrvnk,ハル,9AghoVZPZh9G,129398
885,u_5f5m965g@xxai.com,u_5f5m965g,段知秋,WsjuBfjRRPsr,63024
1268,u_3delfqvg@xxai.com,u_3delfqvg,春の魚,X5tdWTZQrie5,772686
415,u_caukz8rz@xxai.com,u_caukz8rz,朝の鳥,NeoRzuLthTN4,540031
43,u_6jth2jbp@xxai.com,u_6jth2jbp,DawnStone,FBczxvH8nhz3,164374
1919,u_bixj2ale@xxai.com,u_bixj2ale,常素年,Qos3QSmSoMtx,774739
1685,u_74rztqis@xxai.com,u_74rztqis,森の兎,3hokNz1B7m88,360027
1540,u_a5ccskz4@xxai.com,u_a5ccskz4,田归途,XwFjsAW4xNb4,777802
1595,u_2jkzc59k@xxai.com,u_2jkzc59k,HopeFire,D8PKjRxaTovH,196605
1065,u_18k8bl3t@xxai.com,u_18k8bl3t,PixelArtist,WsLk4tAirfk8,824870
1012,u_1h57bh0f@xxai.com,u_1h57bh0f,JordanMoon,JXQHNQgDzfbK,461650
1741,u_c7jt6ejm@xxai.com,u_c7jt6ejm,AshBuilder,HZzD8rjJw2aF,960405
1943,u_f4uzt4nu@xxai.com,u_f4uzt4nu,OpalSky,CPHcWSS9aBvK,481640
1250,u_56wj7r4z@xxai.com,u_56wj7r4z,LeoPrince,7xkh9a7mP1iu,211103
791,u_asipquif@xxai.com,u_asipquif,RavenLight,HuoMLDFWLXaN,340950
790,u_adstfx19@xxai.com,u_adstfx19,彭若水,YQ5WrfWV3xwV,245680
228,u_c5puotrj@xxai.com,u_c5puotrj,PineDark,32c4i1PC5xxg,366181
495,u_526pvq03@xxai.com,u_526pvq03,海の天使,Qax4MNPxSwYo,891624
998,u_1ctsc7gh@xxai.com,u_1ctsc7gh,AveryOcean,Ty5uDD5d1to5,232691
1760,u_7icgk5o5@xxai.com,u_7icgk5o5,Wild_Owl,LkgLe1YC4YsR,143243
1769,u_ejiy2br5@xxai.com,u_ejiy2br5,石夏雨,5ubrhoEyYYVv,402048
1917,u_6pnx5csz@xxai.com,u_6pnx5csz,雪の鳥,Bs5sMoL7EYMu,951774
1678,u_jikqmhd1@xxai.com,u_jikqmhd1,薛踏雪,FwR2yrvdj6HU,55316
1215,u_3fz1l7e8@xxai.com,u_3fz1l7e8,王逐浪,SS7tQvi5vrb8,179816
1622,u_8ootlxbm@xxai.com,u_8ootlxbm,EdenSky,53VnFXsBfqA5,746068
875,u_edqtq3bf@xxai.com,u_edqtq3bf,常慕白,LPaTmkUDe5kk,998756
1475,u_f0x5vgzp@xxai.com,u_f0x5vgzp,毛烟雨,EaJmKjcsr4Vw,480422
175,u_urjbex3u@xxai.com,u_urjbex3u,胡寻欢,14uJVQGVviQ3,274290
318,u_cjtrfcaw@xxai.com,u_cjtrfcaw,陆金风,FSdmQfS6Wh6e,291478
209,u_8aykbxpf@xxai.com,u_8aykbxpf,空の王子,RqFo1E4potj4,424775
813,u_5eukxz7o@xxai.com,u_5eukxz7o,OakFree,MhxKjDDJR4SL,779096
1273,u_ef334cem@xxai.com,u_ef334cem,Fierce_Owl,DZkd3M7q3qkg,73950
1967,u_8rjo034z@xxai.com,u_8rjo034z,雪の住人,6fote9t14sZ1,227367
1570,u_6mehnsz5@xxai.com,u_6mehnsz5,曹叶飞,rmmY7oSbLiiN,897898
329,u_1kdyxluk@xxai.com,u_1kdyxluk,乔念旧,Hxx8mfCAXKvM,552706
51,u_bzaetdl5@xxai.com,u_bzaetdl5,さおりさん,SmNo28Udyffx,910835
979,u_b14xypre@xxai.com,u_b14xypre,江落雨,JHMhp2Ypisxn,249295
66,u_38dbjdo4@xxai.com,u_38dbjdo4,黎明,DdaC5D8n7u1T,947241
852,u_2fxr8j2l@xxai.com,u_2fxr8j2l,阎春风,2uDo1R6zfKHL,41965
1812,u_5hh0j3h7@xxai.com,u_5hh0j3h7,雪月花,4XRoY1MgXen7,574231
103,u_1d9bwhh9@xxai.com,u_1d9bwhh9,陆清风,XTYhV4ewPgKd,748060
850,u_akjmn4ne@xxai.com,u_akjmn4ne,霧の魔女,3aGNgzwv2XfK,149750
1504,u_9ne8i0m5@xxai.com,u_9ne8i0m5,深海,JnscPP93dJue,563430
471,u_6vysbovy@xxai.com,u_6vysbovy,袁思源,JFz4BNJmcP9V,924867
83,u_3xpisunq@xxai.com,u_3xpisunq,赵流年,HWYrLF51NRnZ,752165
1997,u_crmqij3n@xxai.com,u_crmqij3n,CrystalRain,W4Q89APhjqmZ,558477
973,u_dhzr8wu3@xxai.com,u_dhzr8wu3,夏の姫,NjGvpGM1ot8P,248534
1505,u_rt4kjigi@xxai.com,u_rt4kjigi,Happy_Panda,RpEiZNYmmsU2,630625
1366,u_34zon31v@xxai.com,u_34zon31v,あいさん,SCvPy9u38DMH,94199
121,u_4v8r6ya7@xxai.com,u_4v8r6ya7,范心动,RKp94p99XeFA,528357
1086,u_asyli9yv@xxai.com,u_asyli9yv,熊松涛,Hj7kWz1gwxJy,114960
335,u_k69okadu@xxai.com,u_k69okadu,CedarPainter,BRcUcDnbdoqo,739188
1536,u_108pr45j@xxai.com,u_108pr45j,许长安,EqmmFb9yYJ1W,738897
1083,u_ceqg1y6o@xxai.com,u_ceqg1y6o,SamWild,CBLhAY2Rf6sY,6494
977,u_2ndx2l6m@xxai.com,u_2ndx2l6m,AveryFire,7LvkHRdRzqS2,444540
370,u_3l0awnzi@xxai.com,u_3l0awnzi,谭绿野,T5SnF8wUQ6iT,712767
1668,u_8uc7x4gw@xxai.com,u_8uc7x4gw,KaiSun,Gt4zWjMUA7fR,717790
1613,u_cjvs4gjd@xxai.com,u_cjvs4gjd,邵半夏,r8oQiMKNTEu2,517770
988,u_equ65ntj@xxai.com,u_equ65ntj,戴远山,54pdAGNa932B,969089
454,u_8j7mglqu@xxai.com,u_8j7mglqu,夏の兎,UEvYCaFEaJwG,555444
1889,u_ci7pc8f6@xxai.com,u_ci7pc8f6,昼の犬,J7Cu6KBUrTT2,991366
599,u_9plee552@xxai.com,u_9plee552,夏松涛,8R7saSCwNS55,321859
283,u_30x5990v@xxai.com,u_30x5990v,吴晚霞,KxGMoa2Zgu9L,752430
436,u_8jj7xy84@xxai.com,u_8jj7xy84,LiamWalker,SaM67q9s5scy,491694
1634,u_7y2aqlk1@xxai.com,u_7y2aqlk1,AmberKind,XmYqghRqBAMg,946897
344,u_70ershil@xxai.com,u_70ershil,なな,ByECRk4rG9S8,163867
1998,u_b7gmz0hx@xxai.com,u_b7gmz0hx,EdenSeeker,RFRjDSgQw1y8,958881
1842,u_51cc53v6@xxai.com,u_51cc53v6,DawnFire,DeGfHN7MqpbB,561663
606,u_f42zq8rb@xxai.com,u_f42zq8rb,Lazy_Duck,Tqugd5qAcrKf,517812
1125,u_4mbrr4e5@xxai.com,u_4mbrr4e5,HazelKing,RqKJoug6pnuj,459461
1715,u_0rcsmrx8@xxai.com,u_0rcsmrx8,熊海角,WthJH1hG2gXM,577519
1292,u_7eabjcjz@xxai.com,u_7eabjcjz,雪の賢者,TV9392CbFYm3,727793
842,u_bdxr1ouf@xxai.com,u_bdxr1ouf,朝の旅人,69YLF5MSSs9k,93698
1490,u_88a6schp@xxai.com,u_88a6schp,武微澜,GRjiuAefgpAQ,637287
1457,u_4w8cqwdh@xxai.com,u_4w8cqwdh,昼の妖精,HmFGxVrAtAB4,965870
1926,u_6hblq0yi@xxai.com,u_6hblq0yi,CharlieWalker,TAKoRkk22Axg,289546
1537,u_euz7hu8h@xxai.com,u_euz7hu8h,卢若水,D4M9Dx3WBff1,239527
770,u_3qntfhmi@xxai.com,u_3qntfhmi,DawnMoon,BgP58k8WmSqY,406282
1405,u_ckgrzch9@xxai.com,u_ckgrzch9,RobinPainter,CKpnHdcr6UP8,344990
1912,u_5crxansl@xxai.com,u_5crxansl,孟未央,NSGoUUDSQTA3,923836
44,u_10ni0ntb@xxai.com,u_10ni0ntb,森の子,5hfWdZcfK5pt,159777
1465,u_ec7ur67o@xxai.com,u_ec7ur67o,钟梦回,21LHASxrcBNd,28868
814,u_8jxq46ho@xxai.com,u_8jxq46ho,ColeHill,13isPQaa7jAr,733220
1832,u_99gkckq1@xxai.com,u_99gkckq1,BlakeMoon,JYAu9oQ69Ga5,954381
1187,u_9sijjv8k@xxai.com,u_9sijjv8k,夜更かし族,AgjhsyBewBpe,553028
613,u_67mo35q7@xxai.com,u_67mo35q7,魏松涛,LLq2NdFibwm4,166619
1092,u_8n0n30ac@xxai.com,u_8n0n30ac,贾晚风,2pK4NzS94DYT,970592
226,u_2c4uam90@xxai.com,u_2c4uam90,霧の犬,AZXegcG2k6ry,702805
1847,u_3a3x1bc6@xxai.com,u_3a3x1bc6,AveryDancer,GG9ZA4m9oxJb,232547
545,u_60lx0pfm@xxai.com,u_60lx0pfm,姚蓝莓,7tqC9HPGzhS5,451288
1743,u_4s0kcoei@xxai.com,u_4s0kcoei,吴追光,PXjG2QniQ2yE,575952
887,u_5by6blyo@xxai.com,u_5by6blyo,RubyBrave,KwzKzdRJ1h6W,452791
874,u_186yd4yx@xxai.com,u_186yd4yx,尹霜降,MBoe1qKkvTsP,799284
453,u_42plk9r8@xxai.com,u_42plk9r8,Dark_Lion,68QZ43gnDcp8,452559
1279,u_exohlmrf@xxai.com,u_exohlmrf,CharlieRider,4oKpD3CEjTNe,384627
47,u_2mh7c3kg@xxai.com,u_2mh7c3kg,史追光,4NLWiifQPuEg,888836
1697,u_2qaroo8y@xxai.com,u_2qaroo8y,卢小鹿,5ybEnkzNQhHr,504904
579,u_6ly13wqq@xxai.com,u_6ly13wqq,IvyBold,4QJgtMKcUX6G,49151
364,u_do3am7dq@xxai.com,u_do3am7dq,東京人,W46rgdn8viNa,940348
1840,u_5zrf9g1f@xxai.com,u_5zrf9g1f,夏の守人,XyFukQR2ydn2,123671
1344,u_15c9jkw5@xxai.com,u_15c9jkw5,CrystalLake,Y85Wr1ZYqBA6,968904
293,u_5na2i4dp@xxai.com,u_5na2i4dp,武碎玉,8bkEPrH1xw4p,134837
1965,u_19uvnn02@xxai.com,u_19uvnn02,RoseCook,6nk5bNCyqBGE,577751
785,u_7jhmyuzw@xxai.com,u_7jhmyuzw,邹念旧,KRyszK6tjDAX,260056
1042,u_1r5p9xit@xxai.com,u_1r5p9xit,崔菊韵,WSSP7RJ492rk,719115
716,u_88dpig94@xxai.com,u_88dpig94,DawnLight,7KWL1x28afB1,881441
956,u_8nfz1usd@xxai.com,u_8nfz1usd,任晚霞,PEnFzACnXggb,880332
1788,u_cz4f5yeb@xxai.com,u_cz4f5yeb,黄锦时,Cg3jB8Fa2vSe,954308
708,u_f5fl4ndo@xxai.com,u_f5fl4ndo,QuinnLake,Eyn1fAJKbdPd,315215
1905,u_9t97r6xb@xxai.com,u_9t97r6xb,邵追光,3hrqDj4yXf1N,933721
1087,u_4va4siju@xxai.com,u_4va4siju,夏の犬,4xyuCmELJQXZ,136662
1618,u_dbdgysky@xxai.com,u_dbdgysky,雪の勇者,HVuzepQbjtk5,589409
1319,u_e33skezp@xxai.com,u_e33skezp,昼の魔女,RNdbnNF9pWsb,511511
1320,u_ew0s99an@xxai.com,u_ew0s99an,CoralKnight,78x1D1TpJ72v,792689
528,u_2qeu44c2@xxai.com,u_2qeu44c2,朝の魔女,6kevaWa9VFu7,130840
978,u_dbmi58yh@xxai.com,u_dbmi58yh,OakSun,5qzD8TCVCTNL,432950
1502,u_ebzfxrtj@xxai.com,u_ebzfxrtj,潘竹风,VD1Uz7W4jJTU,258714
1337,u_f0a3wnz4@xxai.com,u_f0a3wnz4,廖松涛,F98h6hPsAtgQ,863621
1222,u_669asszn@xxai.com,u_669asszn,BlazePrince,MdA1zAFT4pJ1,193820
1804,u_2pxm1kat@xxai.com,u_2pxm1kat,蔡莲语,BniwAzviiTSr,594252
1584,u_zzda4o0b@xxai.com,u_zzda4o0b,SpeedRunner,YS6KUsFtwfnE,319261
1593,u_1f40s488@xxai.com,u_1f40s488,雷小麦,9Yw9gaHF1fov,340668
751,u_3zg5uwbh@xxai.com,u_3zg5uwbh,紫紺,PBFtcnYDJPpU,933207
1459,u_cnfa4hhc@xxai.com,u_cnfa4hhc,BlazeDancer,4qp3RNRNvkLm,550773
1140,u_c5mo51us@xxai.com,u_c5mo51us,崔小鹿,MQ4d88ywTp8k,597809
1850,u_d0as23ne@xxai.com,u_d0as23ne,余映雪,X6EGZ4D3J6aN,350491
33,u_8e634zlm@xxai.com,u_8e634zlm,LarkField,EDNFiatHiLZx,70281
907,u_ass6nh68@xxai.com,u_ass6nh68,钟夏雨,RkdDd3XnLMka,372419
1696,u_5d10uk02@xxai.com,u_5d10uk02,余倾城,FWfELEEnadKR,893804
761,u_f0u2ejig@xxai.com,u_f0u2ejig,森の守人,VmJXthC8Q4Qe,330279
1415,u_b5z2rsf5@xxai.com,u_b5z2rsf5,常听雨,JrFQMx1CN6cQ,747354
1170,u_dxsxtrwo@xxai.com,u_dxsxtrwo,叶彩虹,YG7BJL6STGfH,845205
1352,u_cvs4h6yf@xxai.com,u_cvs4h6yf,刘温柔,8ynpaxvjAACD,533456
1381,u_ezqfke53@xxai.com,u_ezqfke53,RiverFisher,PHqp1EMLY1NX,931570
1084,u_499clt7r@xxai.com,u_499clt7r,月の姫,9TvLMSEDWiRf,421939
275,u_7gsi0ril@xxai.com,u_7gsi0ril,薛海角,GDh5z4UwERkx,337965
93,u_61jx49rr@xxai.com,u_61jx49rr,姚铜雀,Fq7ZffgyNVDj,29237
557,u_f3xxd46i@xxai.com,u_f3xxd46i,雪の旅人,A7pgk7WZBkvv,450789
612,u_eckdaahv@xxai.com,u_eckdaahv,桜餅,oriseQaJG5Rz,725832
712,u_9xb24l3z@xxai.com,u_9xb24l3z,汤安然,34azrcti4Ssf,61768
866,u_857hpn4s@xxai.com,u_857hpn4s,孔清风,EBj364h3KP8k,257736
1061,u_biff6yej@xxai.com,u_biff6yej,彭日暮,PLUvcrvhG2Dp,537887
1080,u_aneai13p@xxai.com,u_aneai13p,叶梅香,UZkVwQAWpxQR,24560
1731,u_awz8grc1@xxai.com,u_awz8grc1,春の鳥,EATGkYqFQ2Mc,316590
1704,u_cpbq66ey@xxai.com,u_cpbq66ey,白惊鸿,9EELyrgEaRQ8,144777
406,u_1di21sqx@xxai.com,u_1di21sqx,りこちゃん,WVkBtRMoZBVh,78646
996,u_4yma6kdf@xxai.com,u_4yma6kdf,EmmaKind,Pd9WjPqG62b7,977705
607,u_2dsszwgn@xxai.com,u_2dsszwgn,EagerBeaver,T56wBYPoEybk,406667
402,u_9tlzht05@xxai.com,u_9tlzht05,郑荷叶,PhtYxADZg4DL,322986
1845,u_916wgmoi@xxai.com,u_916wgmoi,星の守人,AGTCS3bXGYaH,962242
220,u_62sxhe6q@xxai.com,u_62sxhe6q,夢の騎士,THsBqPvm9KrB,409943
835,u_7xw7d106@xxai.com,u_7xw7d106,阎叶飞,E7K1KnwCDAJo,106918
877,u_yrwg48fq@xxai.com,u_yrwg48fq,かえで,UXM5LpXAxXeD,759575
713,u_80fviijb@xxai.com,u_80fviijb,CrazyDeer,SvH8WauSqPnT,6672
615,u_cu5lhe3x@xxai.com,u_cu5lhe3x,BearBrave,AaZdQyLmg5Jn,348608
747,u_8hw0ye30@xxai.com,u_8hw0ye30,StarWriter,VyehhYqXFJrC,173056
212,u_cxn5gqxz@xxai.com,u_cxn5gqxz,JaceHunter,TvgZZemGLk8B,953999
1139,u_bgxq365n@xxai.com,u_bgxq365n,尹晚霞,61yXCw69B59u,597345
719,u_dsqw5ls7@xxai.com,u_dsqw5ls7,BirchMoon,XgHjeRXn3PwM,256622
625,u_8yoas5ue@xxai.com,u_8yoas5ue,田长安,WzyKfFj1zHEJ,591775
1252,u_1y10d9wh@xxai.com,u_1y10d9wh,月の犬,YTK3qoKLhojx,570416
725,u_dk26p02k@xxai.com,u_dk26p02k,OliveField,UZSFJt1TKdVV,174433
647,u_lcavmp1s@xxai.com,u_lcavmp1s,SamBaker,CnoVu98aU6vD,794562
682,u_17sfctdv@xxai.com,u_17sfctdv,LunaKing,HoXPnCfYMGFr,351660
1164,u_4h69iie2@xxai.com,u_4h69iie2,BrookBuilder,4WcTyiYhgzJh,302935
1229,u_3i4jk83g@xxai.com,u_3i4jk83g,夜の人魚,6AQ5V4ciFqNx,690916
423,u_1zx335if@xxai.com,u_1zx335if,FierceTiger,XSHrQdNYUH4S,590593
1156,u_38ktcpzx@xxai.com,u_38ktcpzx,毛念旧,9ULos8a2zk8y,479045
1106,u_6jmzdrgf@xxai.com,u_6jmzdrgf,すみれ,62G8rb9pTM5F,147415
1299,u_6mol2yoz@xxai.com,u_6mol2yoz,そらさん,GcvTxpgksh2N,332554
1146,u_12cysg42@xxai.com,u_12cysg42,京都住み,QciJTboNRb33,613114
828,u_829ctegv@xxai.com,u_829ctegv,蒋然子,6ZforhAxwMHn,307202
1335,u_9iwrq27k@xxai.com,u_9iwrq27k,燕,EZLtnUuKjo1y,581271
355,u_7dvrpbf0@xxai.com,u_7dvrpbf0,AmberSun,BZJmkFqiMjxS,928802
1178,u_e9jmoiw1@xxai.com,u_e9jmoiw1,PearlWind,NZ7uVnkyxxvy,234151
323,u_iwq9o90c@xxai.com,u_iwq9o90c,AspenHunter,pueK1rVgToUH,926081
654,u_f4nhsxp4@xxai.com,u_f4nhsxp4,虹の人魚,Cg6Akcro1hfd,452974
1621,u_1liaoq45@xxai.com,u_1liaoq45,石月华,TAo1qfCsvH1r,288673
1206,u_5b8b2bo9@xxai.com,u_5b8b2bo9,崔铜雀,SQFYpKbRpEsM,164717
1334,u_ah66btuh@xxai.com,u_ah66btuh,邱莲语,H8qApSBXPdtY,10738
473,u_5vsyehn3@xxai.com,u_5vsyehn3,傅夏雨,GgmiS5sB7u9t,244427
581,u_4bg326dl@xxai.com,u_4bg326dl,PineBrave,HM25BAKXAW6i,305099
1102,u_4rc1yyzq@xxai.com,u_4rc1yyzq,何拾光,FrNFL2aBLoBh,675281
285,u_55k2x56t@xxai.com,u_55k2x56t,赵初晴,UxLTkm95aLZr,808242
19,u_4seohzdu@xxai.com,u_4seohzdu,廖银河,FyZTJ3rVitFC,968933
393,u_auvy0fav@xxai.com,u_auvy0fav,许素年,SpAFgzyVAXKM,115455
639,u_7gigfrqx@xxai.com,u_7gigfrqx,ももさん,Ao959XGwY6VQ,300368
1725,u_76l0dy8i@xxai.com,u_76l0dy8i,曹月华,8cuj1BRJzU1X,519409
1276,u_7aft0j10@xxai.com,u_7aft0j10,Sunny_Tiger,AUs1QfvujuXo,927565
999,u_ex0r8stj@xxai.com,u_ex0r8stj,夏梅香,WXMTvyAYYkBs,432791
526,u_6wcs2f7k@xxai.com,u_6wcs2f7k,何惊鸿,Y2YVYJFkkbaM,5004
1079,u_9ob7zsx1@xxai.com,u_9ob7zsx1,乔蓝莓,Fbg8GVcZjrv1,987818
1176,u_7ixeul9y@xxai.com,u_7ixeul9y,CedarDark,VLSMaYZTb28S,646307
199,u_6k9egdxj@xxai.com,u_6k9egdxj,郝拾光,Ai2o5GmVvLfP,407212
1757,u_f03ljc97@xxai.com,u_f03ljc97,SkyFisher,E789Eq1N51z5,441444
1890,u_d7myta8p@xxai.com,u_d7myta8p,摘星人,RSutaCFYqtt2,146516
133,u_43y2v6om@xxai.com,u_43y2v6om,冬の姫,NP7Xh2pevrAT,81039
1470,u_eyl86lwe@xxai.com,u_eyl86lwe,孙晚风,RjSGT7FS6QAo,384334
392,u_55by2wy7@xxai.com,u_55by2wy7,BrookPlayer,CjQHNEJrzEzB,621599
1901,u_5qxp4p3z@xxai.com,u_5qxp4p3z,SethLight,TaoGXNuUzFhS,87158
1732,u_ezvc01p0@xxai.com,u_ezvc01p0,睡蓮,6BaLSNQG5HSb,254633
812,u_enuguntx@xxai.com,u_enuguntx,PineSeeker,HxQXm4nfkMJy,220319
1606,u_52ekoirp@xxai.com,u_52ekoirp,侯梅香,JZuoFBQ1qNGw,178463
1659,u_bkc70gi2@xxai.com,u_bkc70gi2,薛落雨,Cp52USRaAyzp,169649
876,u_b58arob7@xxai.com,u_b58arob7,光の王子,THggNk5B1DZT,218909
1327,u_6vf6hf68@xxai.com,u_6vf6hf68,星の使者,LQH8EfyeAB1X,973752
741,u_6d7aib43@xxai.com,u_6d7aib43,金色,5GUVgF3S9VsY,728375
230,u_8zxgo4js@xxai.com,u_8zxgo4js,Happy_Eagle,3RKcj91mm38C,991990
457,u_aafsyml2@xxai.com,u_aafsyml2,光の兎,PpLdnxKq96R9,260386
1226,u_5j1c1i25@xxai.com,u_5j1c1i25,AmberSwift,99k1XzjwjA5R,520885
1315,u_10sqo6sz@xxai.com,u_10sqo6sz,雨の旅人,1mhNzVdP9bmJ,378402
1650,u_2e14h3g5@xxai.com,u_2e14h3g5,ひかり,FSUNDBpVHAFJ,282369
1145,u_amrgd2bd@xxai.com,u_amrgd2bd,赵远山,MQzTSpZWLaEL,697094
1510,u_av389b57@xxai.com,u_av389b57,HopeWood,7qUPuLYLJbKt,113593
1207,u_351zjpy5@xxai.com,u_351zjpy5,史烟雨,NU3pAWnB2cLL,139986
843,u_5vb9zc0x@xxai.com,u_5vb9zc0x,StormStone,RwxeB3H8fXj2,680807
1494,u_19wd6s3f@xxai.com,u_19wd6s3f,ZoeRiver,2QQdHxQ1qQnN,755286
1894,u_63gvymyu@xxai.com,u_63gvymyu,夏柠檬,Y6bvHqq4QQkR,502105
749,u_94kl17v1@xxai.com,u_94kl17v1,胡慕白,7todWrUVJoRe,606975
792,u_6d7dsqtx@xxai.com,u_6d7dsqtx,ColeBold,3E5Fw5A9WfA8,209489
2,u_4z1elmd8@xxai.com,u_4z1elmd8,夏の人魚,A8Ets5XYJ2DZ,387956
1057,u_c551wtlb@xxai.com,u_c551wtlb,OpalCloud,DDWcSG7zfNcb,964282
784,u_2t6xfot0@xxai.com,u_2t6xfot0,薛天涯,QNy42T3mWPGq,313020
468,u_845nvijk@xxai.com,u_845nvijk,读书笔记,PvjNq7mPMVRp,218757
1646,u_admp8duy@xxai.com,u_admp8duy,ヒカリ,AK4Ni74dtK8w,105206
1093,u_9ktfy9hx@xxai.com,u_9ktfy9hx,JordanOcean,DofrxaFrf8Rc,652078
1676,u_1hxi0l5t@xxai.com,u_1hxi0l5t,FoxSun,LysXDCGgwN4S,787634
338,u_7ua1r092@xxai.com,u_7ua1r092,BearHunter,2MuN7ZPNN7LJ,642655
769,u_7dne91n1@xxai.com,u_7dne91n1,FoxSky,HH8hKg6MKwm3,820369
1680,u_d9dlsss8@xxai.com,u_d9dlsss8,京都人,MF62A4L5xJun,678148
854,u_4o2hyoxl@xxai.com,u_4o2hyoxl,CrystalPlayer,FNU6c6DM7FAA,419276
1063,u_dnsixcsh@xxai.com,u_dnsixcsh,萧秋水,75DdrVA1wCb6,309480
806,u_37cdz8p4@xxai.com,u_37cdz8p4,汪霜降,E3QG3opVPtFa,94661
1306,u_7nqm2ei9@xxai.com,u_7nqm2ei9,吴带露,96ta77rDtrP7,85408
783,u_d20661pr@xxai.com,u_d20661pr,EvanLake,SLtxwPUZfJpf,865966
1934,u_9bcpbg2m@xxai.com,u_9bcpbg2m,Epic_Cat,Vy9RMP4AD751,753439
1419,u_dd9g9n46@xxai.com,u_dd9g9n46,RileySmith,2x5efnswdSPi,20741
1900,u_3gclx7ty@xxai.com,u_3gclx7ty,真夜中,uPAQH7jK4g7U,105208
190,u_7qs029sk@xxai.com,u_7qs029sk,罗金风,4B2dsLMbgr64,1443
1119,u_efzdusa6@xxai.com,u_efzdusa6,かおりさん,W5ZWXgUjLy11,171605
948,u_6xzqpidy@xxai.com,u_6xzqpidy,WolfRider,DNG48ZX8kaHR,696165
533,u_evdyodoe@xxai.com,u_evdyodoe,AspenDancer,NUPPcw1sYVFa,453099
1383,u_ci698jfs@xxai.com,u_ci698jfs,FernWild,6otBzTLFz22Z,158612
1338,u_6pu5pekl@xxai.com,u_6pu5pekl,杜长安,kQM4WJRgaX7W,151123
7,u_76jvf8wp@xxai.com,u_76jvf8wp,めいさん,WgAYnjtJAmHH,688294
1548,u_182hwu36@xxai.com,u_182hwu36,BrookDreamer,3QTH13GAoHTH,551827
1518,u_3jdwoj57@xxai.com,u_3jdwoj57,康铁马,41AreUMAHJg1,816433
670,u_1kj5ol05@xxai.com,u_1kj5ol05,JaceMoon,HPZLyfMZmMNP,402370
1675,u_d84gxazm@xxai.com,u_d84gxazm,SethBrave,14HF7hFHyoHN,208148
1830,u_eslw4vou@xxai.com,u_eslw4vou,武清欢,9Wbk6sHDFXYs,84541
1430,u_2br7dfb0@xxai.com,u_2br7dfb0,LarkTrue,H4ueaaZ8CC5P,640008
1316,u_dy06ul4l@xxai.com,u_dy06ul4l,杜糖果,P2NSDWSNGJBK,998941
1131,u_axe3x9d2@xxai.com,u_axe3x9d2,FoxHunter,WMVYvVm5JnJZ,319523
1624,u_botdfqt3@xxai.com,u_botdfqt3,FinnWood,AG6sAG6rrfJX,404744
900,u_eqxm8xm0@xxai.com,u_eqxm8xm0,孙石桥,A9r2zS9abpCP,235554
1127,u_i6kfw23v@xxai.com,u_i6kfw23v,雨の住人,QrRjoa7zuQ4R,121019
289,u_9t5qwbol@xxai.com,u_9t5qwbol,風月,TP36SvaBL7GF,825279
112,u_cwwm9g7v@xxai.com,u_cwwm9g7v,邓糖果,yrUNwuJsBF8q,841578
1564,u_3xeyim51@xxai.com,u_3xeyim51,DrewWood,TFwAzBvV64oY,450996
1801,u_6lckw903@xxai.com,u_6lckw903,冯素年,TuYM12kepzh3,440297
1587,u_dmjdv3ig@xxai.com,u_dmjdv3ig,王兰心,BBcUDVs3Ma6p,901349
1543,u_2344bndq@xxai.com,u_2344bndq,碧空,86xziyaSY28k,342252
86,u_6mgrveze@xxai.com,u_6mgrveze,リン★,Qw29ckTtchsU,216081
867,u_3scq29sy@xxai.com,u_3scq29sy,谢葡萄,P7c4W7jrtRAH,184002
1674,u_es21fpyy@xxai.com,u_es21fpyy,毛归途,3PGf62cF16ba,368806
1041,u_cipx58xf@xxai.com,u_cipx58xf,WillowPainter,UqSexVy6odGN,839895
1844,u_drfzol0h@xxai.com,u_drfzol0h,石奔雷,fcfSmpbGLzME,176836
916,u_dcktcbk5@xxai.com,u_dcktcbk5,胡清风,Cx8RaiXNRU5f,750321
730,u_8khlozft@xxai.com,u_8khlozft,空の姫,5Jsus2VaMTeB,18332
1923,u_e431ebim@xxai.com,u_e431ebim,雪の魚,7ocoXCjPrKzr,229475
1669,u_8kkenqxu@xxai.com,u_8kkenqxu,孟含烟,VFofBVU8iZkm,482095
859,u_9eea8r3r@xxai.com,u_9eea8r3r,WindyWhale,5uijTb5b3S9W,422252
1038,u_95ueb7wj@xxai.com,u_95ueb7wj,BlazeSmith,48bnyCRmChmH,812164
521,u_8lvr2pz6@xxai.com,u_8lvr2pz6,彭稻花,NnL8mNEBrBKz,920575
76,u_e82dxiau@xxai.com,u_e82dxiau,徐烟雨,Nju33LjAtHAi,382108
590,u_4tlnlr7b@xxai.com,u_4tlnlr7b,SkyBuilder,ExKAh4JQTEiz,336358
1920,u_7z6qn9qf@xxai.com,u_7z6qn9qf,ヤマ,KPysj6DxF82j,104884
795,u_5q72v6pc@xxai.com,u_5q72v6pc,曾日暮,2tfbyQBEJiV8,516583
912,u_4ushaka7@xxai.com,u_4ushaka7,NovaCook,QjWEmqUMrHnw,226537
1189,u_01rnc3f5@xxai.com,u_01rnc3f5,Lucky_Whale,RkMwoBpsmKJ7,724323
538,u_86iay580@xxai.com,u_86iay580,姚冬雪,NgYSqR3sfC9m,224970
589,u_bqd9xs75@xxai.com,u_bqd9xs75,VioletHunter,AYEzD6PVon8F,369928
1220,u_b1vud38r@xxai.com,u_b1vud38r,RubyFree,B2N5W2PMAmPD,511154
114,u_1yn8edyc@xxai.com,u_1yn8edyc,OpalDreamer,TnyVUwK2YBSQ,736010
995,u_9hupvz30@xxai.com,u_9hupvz30,易深秋,3sQVxnhsUZSL,522601
288,u_61d6ubdp@xxai.com,u_61d6ubdp,余春风,Vum4xfbqmcfR,445761
1960,u_d618k7lu@xxai.com,u_d618k7lu,DawnSmith,3r5SEB25VxG9,458462
1813,u_860631k0@xxai.com,u_860631k0,ZoeWalker,Wqtqq87i66Hg,421379
650,u_83r5t7eb@xxai.com,u_83r5t7eb,OpalSwift,4HEnFPVkyqFq,227065
1072,u_ecdvutfv@xxai.com,u_ecdvutfv,萧凌风,VsWJDkZj8eZW,742597
870,u_5hkw1l53@xxai.com,u_5hkw1l53,JordanDark,3DWg4GdP57e4,760760
483,u_2pld7qz3@xxai.com,u_2pld7qz3,月の魚,QytGh8CubT9J,780878
80,u_2co5ohqi@xxai.com,u_2co5ohqi,常玉米,TKfVuXpu4T41,26984
1073,u_78qis1cj@xxai.com,u_78qis1cj,ElmWild,V8aTnxaWYCb8,892469
475,u_3pfhhqmb@xxai.com,u_3pfhhqmb,めいちゃん,KoVcM6Boo4D1,864168
433,u_1rf06wed@xxai.com,u_1rf06wed,曹慕白,QiL1Lr97ZvG6,747133
1683,u_bxxdfpd3@xxai.com,u_bxxdfpd3,IvyDreamer,VnfbqCeoVvqC,714641
411,u_avx657kr@xxai.com,u_avx657kr,BrookBrave,7ML2JY87oxDF,939023
1653,u_1esv7j54@xxai.com,u_1esv7j54,夜の王子,37J5xK79Awzr,762665
1434,u_aabryd15@xxai.com,u_aabryd15,侯初晴,859M1DPtYDJK,236707
924,u_3v7zgd00@xxai.com,u_3v7zgd00,風の守人,2MQ87UNSEW78,4080
273,u_c9srrfhi@xxai.com,u_c9srrfhi,刘晴空,WmpH4UAoPQD5,133456
1667,u_brw6s2l7@xxai.com,u_brw6s2l7,LeoWriter,6CoDXupJEWRW,990347
562,u_5cf1ydtp@xxai.com,u_5cf1ydtp,ゆうきちゃん,KsCanFz1swRn,776291
934,u_c67qxb9k@xxai.com,u_c67qxb9k,潘奔雷,TLFJ5W7q5zAP,153982
1597,u_8jf85tw4@xxai.com,u_8jf85tw4,FaithSwift,72EaTzu2NEVs,786072
949,u_77on69sf@xxai.com,u_77on69sf,KaiWalker,FiMbDt8x7cPL,194260
804,u_5svxcprn@xxai.com,u_5svxcprn,星の兎,GGXJE5Jro6Ch,970096
123,u_57wiub3r@xxai.com,u_57wiub3r,CoralWind,STwUTTBt4Xzy,519120
339,u_6dt7pxj6@xxai.com,u_6dt7pxj6,文大白,GXq1NaUS6CPh,188115
1116,u_6erqapuq@xxai.com,u_6erqapuq,PearlCook,JgdC8MYt2y2q,746502
394,u_3sh5utev@xxai.com,u_3sh5utev,NovaWood,Uw6rR8kjw89o,450548
1414,u_154545tw@xxai.com,u_154545tw,顾葡萄,LrUFDUP9rUkX,690269
1493,u_3v4ja06o@xxai.com,u_3v4ja06o,毛日暮,W8scAtJ7mwYS,559355
1558,u_1a0omq01@xxai.com,u_1a0omq01,江烟雨,W8qQHEdCWg1F,706576
106,u_cr8a64s9@xxai.com,u_cr8a64s9,LunaBright,DUGA8oJBcxR4,170060
1398,u_3h0ang6o@xxai.com,u_3h0ang6o,Rainy_Panda,SX7bEV3X5V95,159725
398,u_1wcq9mf6@xxai.com,u_1wcq9mf6,EvanDark,FmMF8wHTJwzv,766907
1666,u_c0cladwp@xxai.com,u_c0cladwp,BirchSky,UnVdXfXb83gh,446248
1775,u_3ft7zul8@xxai.com,u_3ft7zul8,ぽかぽか,NWRfKAxJJUxY,997668
1573,u_asb0txc0@xxai.com,u_asb0txc0,FaithSmith,EXwa9MBAK9tw,55363
1438,u_9mncvvhs@xxai.com,u_9mncvvhs,SunnyOwl,XFm9nVLk1g57,270936
1110,u_6ckivqz2@xxai.com,u_6ckivqz2,鎌倉民,VxnfutAeN4oX,815999
1412,u_et6trvfr@xxai.com,u_et6trvfr,邓慕白,S2BhW1njir8W,646307
1144,u_1kd2wsvd@xxai.com,u_1kd2wsvd,贾夏雨,Cc2T92YABkJN,936178
1787,u_14h2gi44@xxai.com,u_14h2gi44,れいちゃん,DhQnNB7shSMe,471604
689,u_a58foed4@xxai.com,u_a58foed4,顾初晴,9TPkda9WrKK4,776806
346,u_bxmi4mro@xxai.com,u_bxmi4mro,RyanMaker,H4sy4n7djze7,647834
873,u_1l2lmrpk@xxai.com,u_1l2lmrpk,JamieKeeper,PGr17dswAKGH,473853
13,u_2ir1hh6r@xxai.com,u_2ir1hh6r,邓柠檬,4riayyZAW2v8,252640
129,u_aydethrb@xxai.com,u_aydethrb,孟草莓,54zonwfoF7ht,644128
724,u_3pre343p@xxai.com,u_3pre343p,段素年,7pRajKGeQUSt,172063
1688,u_9cevge72@xxai.com,u_9cevge72,月の子,RnEhVMziDCoY,491543
1946,u_7ebbaep9@xxai.com,u_7ebbaep9,卢心动,Vb4THZd3Zu6L,539233
147,u_coske6d1@xxai.com,u_coske6d1,煎餅,WT3w5d2NFN14,11443
1824,u_c2jxm641@xxai.com,u_c2jxm641,尹雪舞,D2HE9htyyVT7,895970
1777,u_5ulch7x1@xxai.com,u_5ulch7x1,FaithOcean,5mTJvDmkJ8c4,361042
1301,u_7rqjv1zc@xxai.com,u_7rqjv1zc,星の賢者,9Fd9GAmK58gA,232719
694,u_557b2rpg@xxai.com,u_557b2rpg,贺远山,Db9cUb2KnUoB,97776
548,u_b4txqwmw@xxai.com,u_b4txqwmw,方大白,HegvVENGawVp,582066
895,u_83eqthi5@xxai.com,u_83eqthi5,钱归途,YBneGHYFn5U3,189863
564,u_4h0fa1ds@xxai.com,u_4h0fa1ds,FinnKind,HqpdjjjaHNiQ,259659
737,u_91j7sby3@xxai.com,u_91j7sby3,苏金风,U48KJ7sdjBzj,884177
714,u_ejtqttiz@xxai.com,u_ejtqttiz,马芒果,6Ke99kgE6QFJ,645622
1953,u_9rq68jox@xxai.com,u_9rq68jox,NovaBaker,MyQbv7BEjfJz,760250
1823,u_bkz00jcp@xxai.com,u_bkz00jcp,武素年,7YCxBta3rkM4,845485
286,u_cbbhpkjb@xxai.com,u_cbbhpkjb,夜の勇者,ARSvMHAk7e4K,161750
305,u_87nzk88l@xxai.com,u_87nzk88l,乔竹风,QDDDuyJ9D8Qi,168868
1940,u_2thzxmsa@xxai.com,u_2thzxmsa,RoseQueen,NucXJsWt49Ur,637384
357,u_66a8mg3f@xxai.com,u_66a8mg3f,風の賢者,pkP1hCiJWEQN,430605
276,u_8qanx9bb@xxai.com,u_8qanx9bb,竜胆,YbGoLEWUFafU,980370
780,u_1b86qvgp@xxai.com,u_1b86qvgp,スイ★,Xt5evWMzBvB7,905
1418,u_ev3oa14z@xxai.com,u_ev3oa14z,JordanLight,6vbR56ech9ve,223433
28,u_bbx88j1p@xxai.com,u_bbx88j1p,熊雪舞,NPqpGh7KUuiU,178793
1826,u_bnrcarmm@xxai.com,u_bnrcarmm,けんた,B7Y7bEJTBdms,292600
787,u_a5e6hl51@xxai.com,u_a5e6hl51,ウミ★,4vbm8hhSjQpW,434919
1393,u_by6egzza@xxai.com,u_by6egzza,霧の猫,Ua6X3UGdtGhR,729871
1816,u_70o6jdt6@xxai.com,u_70o6jdt6,アカ★,7wgTf3gMdpbL,375382
1806,u_74lgnqo9@xxai.com,u_74lgnqo9,何葡萄,F8RrnagwJpxh,35992
744,u_3khj9rts@xxai.com,u_3khj9rts,かえでさん,UMnR6zcntK1C,400749
960,u_7okh5qi9@xxai.com,u_7okh5qi9,魏海角,BfMrkai2HgQ6,187641
640,u_bzx6406j@xxai.com,u_bzx6406j,霧の住人,PGqENypjozZQ,671711
1838,u_5el8dcxq@xxai.com,u_5el8dcxq,静かな人,M9MS7yksCPXH,999181
910,u_5gjdossx@xxai.com,u_5gjdossx,VioletWriter,Vqsuv54QvGLk,67003
352,u_kck79uq7@xxai.com,u_kck79uq7,LunaFree,X2PHxkaJh3hi,666627
1583,u_8ozvw3d6@xxai.com,u_8ozvw3d6,花の住人,G5wjn4jfxtRa,15257
1302,u_59qn7e8v@xxai.com,u_59qn7e8v,りん,osMfYhMBvacu,538037
569,u_aj2q3cxj@xxai.com,u_aj2q3cxj,戴奔雷,K3g8mPkZ3ecr,233438
1382,u_d8hx984o@xxai.com,u_d8hx984o,贺晴空,URnwAmQTkYW5,942172
200,u_bps85v22@xxai.com,u_bps85v22,FrostBold,6WVe2X8SFpxA,342526
267,u_53tiwf0c@xxai.com,u_53tiwf0c,りんちゃん,2JqoTa4rQmLy,277
1443,u_5dcp9kxu@xxai.com,u_5dcp9kxu,森の勇者,FVMZ3uQyiehP,342452
1183,u_7g14ipkb@xxai.com,u_7g14ipkb,わくわく,Nb1WVWjMu8ZP,553004
31,u_efbggaa3@xxai.com,u_efbggaa3,蜜柑,GEYVT3X4wzav,470676
197,u_em14q9rq@xxai.com,u_em14q9rq,夏葡萄,EDarzuQfiwDY,629933
1596,u_7miiwd5z@xxai.com,u_7miiwd5z,春の妖精,WpAcuNMjFVeZ,664795
1181,u_ccfh3w8j@xxai.com,u_ccfh3w8j,文日暮,LpbxdweckK1e,762272
781,u_4g3gypgc@xxai.com,u_4g3gypgc,夏の魔女,RLAruYgchcLc,829608
347,u_1fiv0ept@xxai.com,u_1fiv0ept,りこさん,7PbHAyHDf45W,741079
1863,u_861gujvh@xxai.com,u_861gujvh,马春风,5zh4hgksPxW2,734579
1641,u_eu6fgbqk@xxai.com,u_eu6fgbqk,孔朝露,572coQUTYb5J,761442
624,u_41w6ohfg@xxai.com,u_41w6ohfg,傅铜雀,STSqxyBnHEfX,483031
822,u_24w929w4@xxai.com,u_24w929w4,風の旅人,JgTBFWj6pDXP,946427
550,u_8gpwwgse@xxai.com,u_8gpwwgse,SkyLight,7HQShfKxzk2Y,147758
687,u_815iqoob@xxai.com,u_815iqoob,蒋玉米,D6e93aVnjU4m,395913
826,u_64n8qzzb@xxai.com,u_64n8qzzb,白夜,3a6tnB1rwPBE,591606
1348,u_67y50rl3@xxai.com,u_67y50rl3,Stormy_Fish,Xby9MspuXw87,266897
1447,u_58vx56rz@xxai.com,u_58vx56rz,白莲语,NxfCEdRsCkLZ,510853
1849,u_7gtucikm@xxai.com,u_7gtucikm,海の人魚,Mfi2E845rM2Y,208754
1090,u_1ct14qgi@xxai.com,u_1ct14qgi,武荷叶,SfztATWXALoM,917565
222,u_74sm4bn8@xxai.com,u_74sm4bn8,蔡凌风,PxxSCgrCqY81,414010
1588,u_ae982z21@xxai.com,u_ae982z21,福岡っ子,Ab5uA8boxyGU,640651
117,u_cj1ytrtm@xxai.com,u_cj1ytrtm,EvanOcean,SuxHFEFbK9F8,980534
1525,u_2ozah6e4@xxai.com,u_2ozah6e4,孙秋水,SuchizjknQDW,608527
1483,u_7s2fars9@xxai.com,u_7s2fars9,阎晚霞,7pSp1kFVXaze,243271
645,u_aiwf81l7@xxai.com,u_aiwf81l7,贾葡萄,6DoUPmJm96MN,834643
1458,u_d0dyqa40@xxai.com,u_d0dyqa40,海の住人,WAfa4Y19gUVv,22434
319,u_5qi3gv1i@xxai.com,u_5qi3gv1i,LarkRider,HxTTzKL2Bzws,356969
1051,u_2t1igpx9@xxai.com,u_2t1igpx9,贺彩虹,4r7z5NCiHZCX,528065
617,u_26ymcg14@xxai.com,u_26ymcg14,BirchBrave,668Vwj3jm55Z,42629
186,u_epexvgj1@xxai.com,u_epexvgj1,康云起,L8fbLDFz6bKf,209351
1526,u_42jc4e7v@xxai.com,u_42jc4e7v,スイ,SrPUQ2rSWahp,999559
187,u_bss1d2vh@xxai.com,u_bss1d2vh,光の魔女,EvMBMCUkcxLy,673614
498,u_c48mp996@xxai.com,u_c48mp996,三日月,NVWqhqK3DqC5,547470
218,u_3sm7p1un@xxai.com,u_3sm7p1un,BrightFish,AUyeibikhGRV,517944
1308,u_b3se8jad@xxai.com,u_b3se8jad,曾樱桃,Eg7T7s2ERvQi,50314
160,u_95uydlyn@xxai.com,u_95uydlyn,DrewBrave,7r6x1yvnS3vu,49264
420,u_922vu900@xxai.com,u_922vu900,蔡惊鸿,GFE3U23bGEMC,386867
1368,u_b4qlzu9x@xxai.com,u_b4qlzu9x,薛凝霜,PXcoznMJbsp9,943951
1295,u_1fn0jh7y@xxai.com,u_1fn0jh7y,レイ★,7LLZmwvCsUp8,126703
1235,u_5ys9jf6b@xxai.com,u_5ys9jf6b,キン,DLpuuvMKg9oo,707684
1497,u_cy8f3c2f@xxai.com,u_cy8f3c2f,Happy_Cat,T8diCruT8FpN,988241
145,u_353wma9l@xxai.com,u_353wma9l,WolfStone,VT9ZqZDWTrAZ,319247
161,u_el5k0f50@xxai.com,u_el5k0f50,高温柔,AJrErYKyaEAR,863380
821,u_9te3ld43@xxai.com,u_9te3ld43,StarSmith,9jV3JtjwTmgR,558776
1681,u_45gtih7m@xxai.com,u_45gtih7m,WrenStone,KxhEgMzqKiia,108638
1391,u_74s9kcmv@xxai.com,u_74s9kcmv,IvyOcean,V7MPDND41UTW,378520
1485,u_b85r6h1p@xxai.com,u_b85r6h1p,MaxHunter,KbxxWRnAxZ4n,217488
163,u_9idwj7d3@xxai.com,u_9idwj7d3,汪凝霜,Pcrx4JYE67oP,261374
578,u_7pci4dlm@xxai.com,u_7pci4dlm,薛红尘,GCpZyZeUHCzc,100861
771,u_38t8m8lb@xxai.com,u_38t8m8lb,CoralRain,V6XsaXgVm4U3,255888
509,u_dabqv9h4@xxai.com,u_dabqv9h4,森の犬,8mhLRyUhbdJk,955719
412,u_f3liyc1p@xxai.com,u_f3liyc1p,KaiOcean,meYP1yw1fi2j,884793
1257,u_bxs551ml@xxai.com,u_bxs551ml,丁心动,3cbapkM1boFh,787287
1423,u_2quwph44@xxai.com,u_2quwph44,白思源,Vn9pDM4fg9uZ,343096
1749,u_a0hxls5f@xxai.com,u_a0hxls5f,DrewFire,849Cqa3zr4aw,639409
745,u_3ihtknct@xxai.com,u_3ihtknct,汪晴空,3b5v4uxc5rcy,642573
1175,u_e8kqzdu4@xxai.com,u_e8kqzdu4,廖暮色,9ehEo4gR2Ppa,543663
697,u_6avttpik@xxai.com,u_6avttpik,王夏雨,W2fXTezU2Uxd,353691
1016,u_7vmaed31@xxai.com,u_7vmaed31,袁带露,HAgUxDuq3i4v,341121
10,u_e3t9cn2f@xxai.com,u_e3t9cn2f,ひなたちゃん,Hq5X4AjTeSuD,316666
983,u_chgdr7kc@xxai.com,u_chgdr7kc,MaxSmith,D54DBerCs8hB,850942
440,u_d0uosjwe@xxai.com,u_d0uosjwe,蔡慕白,CoZnKKy6ZDZK,605147
1717,u_bbkkkl31@xxai.com,u_bbkkkl31,高惊鸿,HH8MbQxLVHBt,427938
1875,u_dk10ld3s@xxai.com,u_dk10ld3s,HappyFish,Xk5SVppVKWjg,226550
570,u_esyqbszv@xxai.com,u_esyqbszv,OliveBold,Ahy4hVVK4sDE,852427
1245,u_1eksgvjj@xxai.com,u_1eksgvjj,彭月华,7esutYwByR2c,786196
1705,u_f1m9rkbf@xxai.com,u_f1m9rkbf,JadePrince,KWt5y4nbBPBH,718181
1058,u_2q7zd3k5@xxai.com,u_2q7zd3k5,曾西瓜,884CbsBBzHCT,505742
444,u_9wr0y5l8@xxai.com,u_9wr0y5l8,RiverBrave,3mw5HeWq5jpe,164632
620,u_1o8g5qfk@xxai.com,u_1o8g5qfk,みずきさん,BU1tSnrK4hFD,71096
1981,u_99xydcl4@xxai.com,u_99xydcl4,马夏雨,Wo3KXjVK4ZeK,151359
50,u_71tkxiqp@xxai.com,u_71tkxiqp,花の王子,ArtG9Zv5YAiW,453205
1388,u_9g826r5k@xxai.com,u_9g826r5k,余西瓜,D4xXW2a4yGw6,479620
146,u_40ccj88w@xxai.com,u_40ccj88w,OpalBrave,5SDU9yXZhgTC,218028
262,u_cbh2rekh@xxai.com,u_cbh2rekh,ことりちゃん,R4u6TnMvzS9t,674910
1410,u_2rwsri1n@xxai.com,u_2rwsri1n,春の犬,D3trYTzupTBq,651462
1147,u_2ebs9kni@xxai.com,u_2ebs9kni,CrazyTiger,PmfGmuvnStwX,61916
207,u_aprpb5pk@xxai.com,u_aprpb5pk,ゆいさん,W84XGXDELfwd,831442
657,u_e9pzjd63@xxai.com,u_e9pzjd63,袁糖果,SHBbq8KpJPGP,212860
1200,u_f4ebe1v5@xxai.com,u_f4ebe1v5,吕念旧,Rt682F8wvXLL,406273
1708,u_66a8hw5g@xxai.com,u_66a8hw5g,邱月华,3LeY5MVMx5zk,945245
492,u_8pgr6oj9@xxai.com,u_8pgr6oj9,史大白,8kPUdbGr4C7S,174766
1835,u_6zq49mbl@xxai.com,u_6zq49mbl,高兰心,EQKNpkhaY3XQ,114364
374,u_bvmo5a6o@xxai.com,u_bvmo5a6o,CharlieRiver,b64NP8WNtDA1,311376
1161,u_aj2liwyv@xxai.com,u_aj2liwyv,朝の魚,WZmmnvAtVLQE,776520
1935,u_e9c5iex8@xxai.com,u_e9c5iex8,赵心动,9oB74fHuQ2xk,852414
1694,u_96e1ez8i@xxai.com,u_96e1ez8i,许晴空,KtKbESSjpuTo,554863
515,u_ayj7xaz9@xxai.com,u_ayj7xaz9,潘蓝莓,EFsw9o2CXbxx,272898
652,u_84eou3aj@xxai.com,u_84eou3aj,CalmCat,FdWaN6arHWSq,241636
291,u_acv7cnon@xxai.com,u_acv7cnon,BlazeTrue,9YGMrqGrVtXz,82973
886,u_2zc0bcna@xxai.com,u_2zc0bcna,BrightTiger,HPYXLX8UFmPE,411833
1048,u_2pasqng0@xxai.com,u_2pasqng0,白百合,AYnyFYNLLgWv,444130
170,u_96dyfylz@xxai.com,u_96dyfylz,StarBaker,3vsVNDSX6puv,200675
263,u_bigphs1j@xxai.com,u_bigphs1j,谢玉米,EsjHgoJUjzgg,251129
1655,u_8uq2uf0o@xxai.com,u_8uq2uf0o,そうた,Fax1ew8fDkda,104632
1673,u_7faayyva@xxai.com,u_7faayyva,雨の精,MZttTVeTypNE,581361
154,u_3lmeiigc@xxai.com,u_3lmeiigc,钱如初,7s9zLGaERpLe,133759
1211,u_ed1vvxw9@xxai.com,u_ed1vvxw9,江寻欢,EekFyZgHHhZJ,482025
1070,u_6imay0me@xxai.com,u_6imay0me,小羊在路上,PNETTbdZVeDk,195049
1099,u_3j3xdi9i@xxai.com,u_3j3xdi9i,FaithLight,W4UbCMmNNR8r,941337
925,u_1t7g1aqb@xxai.com,u_1t7g1aqb,Epic_Lion,8BMXhJBeduEh,959076
1118,u_dh39qj00@xxai.com,u_dh39qj00,暁,XkYSDTnKb1ip,597016
1684,u_15c6luu6@xxai.com,u_15c6luu6,CaseyKind,GGJr3LkbVwcL,319965
1944,u_7ww2b8rs@xxai.com,u_7ww2b8rs,RobinBrave,WgXpmanHa6U6,480749
253,u_f1orluiq@xxai.com,u_f1orluiq,CharlieKeeper,2YLp1PaqC7R7,281650
511,u_3wbn3kzd@xxai.com,u_3wbn3kzd,LarkMoon,My3MPLrXTvyw,888050
1059,u_6g0x15az@xxai.com,u_6g0x15az,Epic_Dog,GWAJShWUkhdh,916515
1698,u_38h8jt2g@xxai.com,u_38h8jt2g,SamMountain,JezGydJ1vS58,858067
636,u_1qu91tzt@xxai.com,u_1qu91tzt,爱吃寿司的小鸟,Xk7R6GX2Ty1E,425942
1225,u_96gt89zg@xxai.com,u_96gt89zg,BackPacker,V9AqaANDEaTu,94156
1477,u_8irdigtw@xxai.com,u_8irdigtw,QuinnStar,NSynjSC7jR5u,56096
1464,u_a1u29lda@xxai.com,u_a1u29lda,朝の猫,CKhAf4CcJHFm,761583
351,u_bb0mxwqd@xxai.com,u_bb0mxwqd,GraceBuilder,DPNgwqTQuTRV,457752
1746,u_c08ewq82@xxai.com,u_c08ewq82,こはる,7yeUvA6988JF,811199
571,u_d8d6dgy0@xxai.com,u_d8d6dgy0,QuinnHill,NmurP3GZJVao,135257
1254,u_5vf708hv@xxai.com,u_5vf708hv,読書家,DDG8fNCAwCFU,238719
1707,u_c6e6n2sa@xxai.com,u_c6e6n2sa,あかり,B5J9exnFRd7w,867299
729,u_68cr9y6w@xxai.com,u_68cr9y6w,空の子,UasxJ5M3QnJK,486838
623,u_erqd7v04@xxai.com,u_erqd7v04,IrisBright,Ttkusp9bYrrk,947585
1323,u_4djnm2fz@xxai.com,u_4djnm2fz,ShadowCook,TNUBAbSe1S48,646728
1719,u_8kr6eeoq@xxai.com,u_8kr6eeoq,HazelSeeker,HRWWXF2k6Nob,569864
864,u_1u2ye0w4@xxai.com,u_1u2ye0w4,龙晴空,4nAYP6c9rg2d,999237
95,u_09jww5fp@xxai.com,u_09jww5fp,こうた,BJHPQd7rxd5C,642620
185,u_byseqixt@xxai.com,u_byseqixt,文西瓜,JSfcpxXxhjm3,718847
602,u_as6me78l@xxai.com,u_as6me78l,雪の猫,MwZZUHVPqj32,40974
165,u_687vz4x5@xxai.com,u_687vz4x5,RainStar,CMGJMdi9BreL,262871
1617,u_j1rfdgtt@xxai.com,u_j1rfdgtt,アオ,GrWsEN77S8bD,441343
193,u_6v0zjh5g@xxai.com,u_6v0zjh5g,RileyWild,BLiF2eSnTKru,629558
26,u_cxgqt5k5@xxai.com,u_cxgqt5k5,刘初晴,JH3LS2hVmeMj,535
1966,u_ch48pays@xxai.com,u_ch48pays,爱吃烧烤的小兔,5P4wJif38ZbN,361934
1508,u_3iilgzpk@xxai.com,u_3iilgzpk,MorganWind,JTFJZHuHSEar,56429
605,u_envodugn@xxai.com,u_envodugn,LazyLion,XRrqLtq7pjKB,961511
1417,u_6k5sovtn@xxai.com,u_6k5sovtn,白含烟,THt6SktwrvLm,628855
1506,u_1d26lrzl@xxai.com,u_1d26lrzl,BlakeBuilder,Kq73crPhxKSC,564514
69,u_2190prd9@xxai.com,u_2190prd9,TaylorSun,Lc4SZH7h2zm6,323947
884,u_4pokxujj@xxai.com,u_4pokxujj,任蓝莓,6DtbLaYBkZTo,493183
177,u_ediml2ik@xxai.com,u_ediml2ik,杜深秋,JVjLfBMtY5hL,401691
594,u_77vhwnsd@xxai.com,u_77vhwnsd,刘踏雪,TysC7grgvv7E,917789
649,u_6qcoy89v@xxai.com,u_6qcoy89v,FinnHill,ExPeE5FxEpxz,422488
322,u_angencdi@xxai.com,u_angencdi,董长安,AnWjZsDEe6ez,485851
1167,u_1mw4qpka@xxai.com,u_1mw4qpka,KaiWood,MsWmbfubPVLA,949765
1332,u_cg0iw6o1@xxai.com,u_cg0iw6o1,NovaWild,2G7YJ5ftPh47,346522
1136,u_blmrkqso@xxai.com,u_blmrkqso,美食家,K8Cm28cBdGmr,801895
969,u_iaj5xh6v@xxai.com,u_iaj5xh6v,SethWood,6Je3b47geEeb,361512
1970,u_b7i04xrt@xxai.com,u_b7i04xrt,戴追光,LdGD1ExViHGX,66965
1712,u_a45hpaw5@xxai.com,u_a45hpaw5,抹茶,KwuhyCSSKPpa,838456
1848,u_dfjumwqk@xxai.com,u_dfjumwqk,東京っ子,SZtpP6ZgvjQC,873216
815,u_bm0a4syz@xxai.com,u_bm0a4syz,EmmaDreamer,Y5kAQkucDfP5,334224
541,u_0g2jw83u@xxai.com,u_0g2jw83u,秋の姫,8SiXLZhzKH6v,276868
1786,u_6rbwtx9i@xxai.com,u_6rbwtx9i,赵紫霞,Sb46vwbEyi1B,865403
566,u_blg95t82@xxai.com,u_blg95t82,夜の騎士,NmxTgGErGo9i,632449
1098,u_590up7u2@xxai.com,u_590up7u2,雨の勇者,KKUXN6S16FKi,650091
1557,u_9qr01cjs@xxai.com,u_9qr01cjs,RobinOcean,JD2QCKLSLEGa,149216
1359,u_dkg9gnbx@xxai.com,u_dkg9gnbx,RiverBaker,FCb6cvRNQKq6,803028
1891,u_1lpxfnqu@xxai.com,u_1lpxfnqu,FinnSinger,WpimjFSSUPjr,238343
441,u_bf60plep@xxai.com,u_bf60plep,易铁马,WE9XsGrajmnj,931239
1406,u_7x3rb88r@xxai.com,u_7x3rb88r,HopeRunner,3E4sLYKXReNf,501190
1230,u_683s3zfk@xxai.com,u_683s3zfk,TaylorBrave,CvuksFXY29Nh,101897
1686,u_dqymqeto@xxai.com,u_dqymqeto,QuinnField,DRu4wpVS7yfV,631608
340,u_78itblj9@xxai.com,u_78itblj9,NovaRiver,3d1BGUAtB2Fk,897753
333,u_f0duffvw@xxai.com,u_f0duffvw,ZoeSky,64Gyh8tMTrcD,976385
1371,u_aim97d47@xxai.com,u_aim97d47,ShadowDancer,7XS6WjEcAP5E,127001
188,u_drjp9x0b@xxai.com,u_drjp9x0b,MapleDreamer,KJi2gVJAzHSb,518318
1255,u_bc091ij9@xxai.com,u_bc091ij9,JordanCook,Nt6XcvkrDTod,935815
232,u_4duny25e@xxai.com,u_4duny25e,周松涛,TouZ5iB4RRvC,433762
1932,u_ekf5j3q3@xxai.com,u_ekf5j3q3,夏の天使,CUXYsA8NNhaD,683353
1871,u_r0mk7jq5@xxai.com,u_r0mk7jq5,冬の兎,2u97oyUYv7DJ,720686
630,u_dpqfn2zs@xxai.com,u_dpqfn2zs,邓锦时,MfjNZtep94QT,977890
162,u_89735fyx@xxai.com,u_89735fyx,RubyDark,Qyh12UfdycLY,393164
627,u_50aa6lb1@xxai.com,u_50aa6lb1,MorganBrave,3HArH242gLNp,844705
802,u_ap5tod65@xxai.com,u_ap5tod65,爱吃芒果的小鸟,6MHYGwc3gqVv,841086
946,u_8q1v03b0@xxai.com,u_8q1v03b0,Chill_Fish,akeLReWyZVE6,730324
297,u_1cg95kqw@xxai.com,u_1cg95kqw,常大白,6qnbgYMKL1RJ,158312
63,u_2wsema14@xxai.com,u_2wsema14,昼の勇者,EDjgXANUMzq1,323493
1262,u_d0qek7kl@xxai.com,u_d0qek7kl,熊倾城,6mHrH52YR1s4,975088
848,u_5rpq3scf@xxai.com,u_5rpq3scf,VioletBaker,KekwbVvw9BXP,479770
1539,u_6my8ppt0@xxai.com,u_6my8ppt0,朱铁马,LuZDLXjSn9UA,929905
3,u_1lntqtgl@xxai.com,u_1lntqtgl,FoxPlayer,Gx41ckjRa5Tn,794378
1367,u_9z6byuvj@xxai.com,u_9z6byuvj,尹晚风,TrT3UmttpbFe,473885
1385,u_3oqy0we5@xxai.com,u_3oqy0we5,江糖果,CEQcSj6ptuiu,284585
431,u_9skihu85@xxai.com,u_9skihu85,FrostRiver,6itYbwiybYMV,484897
971,u_42mgdk09@xxai.com,u_42mgdk09,林紫霞,QrzDpx4TTnRq,968282
1839,u_a39lbljw@xxai.com,u_a39lbljw,夜の魔女,HzuKzqWyoogX,305420
1972,u_akz36mtu@xxai.com,u_akz36mtu,何梦回,WBmfDepCy6fw,349313
1895,u_6tpm99e5@xxai.com,u_6tpm99e5,NovaSeeker,6pNdv1wb5bjy,512933
1800,u_borintrf@xxai.com,u_borintrf,DawnRunner,WSVcdrHquBgg,114450
1638,u_2h8bvo2w@xxai.com,u_2h8bvo2w,光の姫,YKe7J2Rv5AxD,355466
775,u_6mwipm86@xxai.com,u_6mwipm86,沈流年,FHvLxGcN2Doj,367464
1604,u_clzf1svp@xxai.com,u_clzf1svp,月の勇者,FLYsAtVnb8yc,321270
284,u_6w6naayi@xxai.com,u_6w6naayi,ZoeSmith,2TPnKc9Wy4o6,90921
1307,u_2sa4rsgy@xxai.com,u_2sa4rsgy,雷鳴,DsTFk4cdcTGu,994575
479,u_4ynfujq1@xxai.com,u_4ynfujq1,StormyOwl,6fQDj5yL4n2q,555374
1290,u_158aj5g3@xxai.com,u_158aj5g3,SethMountain,8erfVPfaRkXo,571827
692,u_8y3cg649@xxai.com,u_8y3cg649,阎长安,VAJ3jZ2cK8vJ,570
12,u_c44pzrfc@xxai.com,u_c44pzrfc,梁深秋,LuRzZ1HHm6Aj,746505
1173,u_d3zpbxoi@xxai.com,u_d3zpbxoi,ChillWhale,G49V2V6Lnsdp,434296
421,u_c39iscp0@xxai.com,u_c39iscp0,ひろし,FD47iDNdhjTc,561445
1128,u_7ey6v904@xxai.com,u_7ey6v904,梁微澜,LrQ2m4pPYNGT,616491
765,u_7yltd4iv@xxai.com,u_7yltd4iv,武花落,JZFDJRGiY2vi,847741
1999,u_ne751pw2@xxai.com,u_ne751pw2,崔花落,WSK8sdwHNcU7,815950
1957,u_1e1yob4k@xxai.com,u_1e1yob4k,BrightFrog,VyhpWEz5r8hL,799009
1643,u_6975blta@xxai.com,u_6975blta,吕春风,LAvn6TTdTnLZ,893221
1902,u_8atmy6wd@xxai.com,u_8atmy6wd,SnowHill,UURf15Fm5C8w,946681
1380,u_cnu4y50y@xxai.com,u_cnu4y50y,Happy_Lion,3FDGWew2JU3j,465993
1738,u_9i9o31qy@xxai.com,u_9i9o31qy,AshFree,NwW6Nmxtemi8,570580
303,u_884s6sgf@xxai.com,u_884s6sgf,EvanMoon,AZmuAxRDLyAe,826936
1836,u_ezwor8k6@xxai.com,u_ezwor8k6,曹锦时,RLaz77SFkZJh,280071
37,u_6vq9br62@xxai.com,u_6vq9br62,康绿野,VT8Du2tdyRg6,589900
1416,u_cczgo2it@xxai.com,u_cczgo2it,BrookWriter,QanypaCPAe8Y,187041
660,u_25let7zg@xxai.com,u_25let7zg,顾近水,XLd9KTFSsmvA,518122
1364,u_1eb3njv2@xxai.com,u_1eb3njv2,花月,EKU6qKL5jzF2,455703
1213,u_je31atf7@xxai.com,u_je31atf7,HawkMaker,R8KKrvoqFonH,336178
1530,u_5he53e6w@xxai.com,u_5he53e6w,HawkKeeper,QVNfzrpeSUwg,739707
992,u_e8uto0wj@xxai.com,u_e8uto0wj,海の精,FFUvgefJke6S,397741
1001,u_7xf8zjko@xxai.com,u_7xf8zjko,星の住人,Y3sm9gNiQJza,325881
176,u_ds9adtbt@xxai.com,u_ds9adtbt,MapleWriter,DkQnPDLFYWv1,942641
1533,u_31ck8rwz@xxai.com,u_31ck8rwz,星見る人,FKZRK6PFZQ7Y,824080
1984,u_7mqwa8dr@xxai.com,u_7mqwa8dr,田梦回,UE53HMb32VFC,134615
1735,u_bft81514@xxai.com,u_bft81514,空の天使,UJCQPSMZR19z,900215
426,u_gkcnlpmc@xxai.com,u_gkcnlpmc,AmberKnight,8m62EzbYqBry,467302
1609,u_5mp0kn2c@xxai.com,u_5mp0kn2c,カゼ,8oF4xPN6szDf,824783
407,u_7aswqrxy@xxai.com,u_7aswqrxy,文兰心,U5dCvY5VqgyS,985536
292,u_by73b4of@xxai.com,u_by73b4of,朝の精,KsqwAC6J4qmD,134973
137,u_7aejbz4t@xxai.com,u_7aejbz4t,月の天使,VQbbNEkjvwTe,723832
243,u_ay25raor@xxai.com,u_ay25raor,月の騎士,UaMMHPVpePmj,390150
1274,u_cqd9txfp@xxai.com,u_cqd9txfp,WarmDeer,QnpNQDA37Lb2,653887
1311,u_as2hx3fx@xxai.com,u_as2hx3fx,龍,K54oe4B6J8fS,212514
369,u_2xdvpkh6@xxai.com,u_2xdvpkh6,孙清欢,3gubvW1CKsbn,377235
1882,u_b7603fd5@xxai.com,u_b7603fd5,椿,9CJrqMVinzFB,312705
944,u_eqwht3cf@xxai.com,u_eqwht3cf,吕草莓,D9bqqqvDxZGq,848656
1039,u_enb7oogn@xxai.com,u_enb7oogn,ZoeBuilder,8jG7MPCrsFBn,12199
1496,u_adbhikmq@xxai.com,u_adbhikmq,JoyBuilder,2ztZHwXGxdeH,873782
1112,u_eexdhs0u@xxai.com,u_eexdhs0u,薛未央,AGTQJAZEej7z,651728
1499,u_3ks824v8@xxai.com,u_3ks824v8,董铁马,4uRbqj58Faj7,180900
691,u_cncxl1hu@xxai.com,u_cncxl1hu,Lazy_Rabbit,3kXo6sE6Tg5k,973636
1384,u_5u27suab@xxai.com,u_5u27suab,月の賢者,Eeo1627QffX6,175913
1973,u_56wta8tx@xxai.com,u_56wta8tx,EvanPainter,9CRZkKwEY56w,754638
646,u_2xw987kd@xxai.com,u_2xw987kd,FoxCloud,B2anvqMNVtVY,370210
1993,u_6tlps7s6@xxai.com,u_6tlps7s6,ZoeStar,VDfM53BTqQyp,445527
696,u_3hs80q1w@xxai.com,u_3hs80q1w,江流年,6tAy8f7jvbPw,707460
379,u_b09eyx1f@xxai.com,u_b09eyx1f,汤星辰,Dv9KifuTUqJZ,57821
1184,u_98djls79@xxai.com,u_98djls79,星の人魚,StwMTJoZDMbH,35156
1648,u_16zegbjr@xxai.com,u_16zegbjr,AspenBold,BSRmyh1PgbQN,526295
1031,u_5zzivark@xxai.com,u_5zzivark,郝清风,JzkUVTmnNK5p,717105
1287,u_5l7w3iuf@xxai.com,u_5l7w3iuf,LarkRiver,Tbb2R9ErnoyC,407878
1677,u_6977wpff@xxai.com,u_6977wpff,朱追光,UgQ5ocmn8S9z,625588
568,u_3uvpd290@xxai.com,u_3uvpd290,RiverCloud,BUdjcLcB5MP3,534013
823,u_15lxmnox@xxai.com,u_15lxmnox,姜深秋,WXqB2f1NgM9L,169435
1833,u_15jg7ymw@xxai.com,u_15jg7ymw,GraceFisher,VUpVZSjY111x,173463
1452,u_6y0c906y@xxai.com,u_6y0c906y,BlazeKind,RNH5mAjyD2Kv,293837
565,u_cthcanci@xxai.com,u_cthcanci,RileyCook,LrsZN3aWxQcx,555107
182,u_a9vwszi6@xxai.com,u_a9vwszi6,CrazyWolf,UsatfyQFkb34,849471
704,u_3moul6jg@xxai.com,u_3moul6jg,廖追光,NVLrx69AkGx4,74690
1044,u_2q106zx7@xxai.com,u_2q106zx7,郭含烟,762boXSD4pzN,143277
825,u_76nyylz7@xxai.com,u_76nyylz7,魏冬雪,FZSuAHh7NYWj,573035
1983,u_8h82avt3@xxai.com,u_8h82avt3,MiaKnight,AEfxp5ncQZ1N,761695
603,u_b8m54tu0@xxai.com,u_b8m54tu0,BrightBear,YUQxjWoF9Aji,422852
158,u_ezhantoj@xxai.com,u_ezhantoj,MiaLight,7pahC7jvo2Yr,956566
849,u_99s10w2y@xxai.com,u_99s10w2y,白深秋,5G7rX5LVTDWt,390322
1745,u_do2xx4b7@xxai.com,u_do2xx4b7,CharlieMountain,Wh4t4y4436sU,199249
583,u_zijb5t6k@xxai.com,u_zijb5t6k,EmmaSeeker,35MR88Q8CByA,773646
1425,u_bk57cb7b@xxai.com,u_bk57cb7b,范铁马,FAJBd83Z5ZwC,625445
1755,u_3n6e5c3x@xxai.com,u_3n6e5c3x,朝の守人,7UcYVoqQwVte,480206
1640,u_2nai268p@xxai.com,u_2nai268p,姜锦时,WptQekc8z8qP,743865
709,u_dt9ma7g1@xxai.com,u_dt9ma7g1,SkyWood,4Tw4nzMWxG8z,757161
984,u_u08uvyaq@xxai.com,u_u08uvyaq,江含烟,X3oG6SNJMDiR,34641
1197,u_cbr5c6p0@xxai.com,u_cbr5c6p0,虹の魚,T28wPVrJ9qbn,679640
435,u_27hqv65t@xxai.com,u_27hqv65t,IvyWood,MpSDAfKXHZjZ,303527
1995,u_8p3c8s99@xxai.com,u_8p3c8s99,FoxRiver,JGz2TEyHWqTt,703282
1859,u_8b7l336q@xxai.com,u_8b7l336q,赵追光,GPFHY72YVBkt,982156
1374,u_2w5l8w2w@xxai.com,u_2w5l8w2w,MorganBaker,4aYvrvuMxBPC,783108
462,u_7blnc31t@xxai.com,u_7blnc31t,HopeKnight,Qp9jq34kGReQ,91295
1627,u_8v8767cf@xxai.com,u_8v8767cf,雪の守人,NgDn2HwMyZYo,328224
1563,u_1y71363e@xxai.com,u_1y71363e,月の守人,M1dcj7rWEsmG,28009
194,u_67u0ad4b@xxai.com,u_67u0ad4b,MorganDancer,2DQj1NfADsae,756086
1662,u_3mfzwhlz@xxai.com,u_3mfzwhlz,秋の使者,74Nx7PUZGcdM,656763
1742,u_4mrs8j51@xxai.com,u_4mrs8j51,ShadowMaker,EP5xan1soJs9,633006
1790,u_cetvmoyj@xxai.com,u_cetvmoyj,BlazePainter,4P1rX7RQCFZJ,480747
701,u_85wasxj6@xxai.com,u_85wasxj6,BlazeFire,PDYhGRMPkEwL,122087
1709,u_5g59sxv2@xxai.com,u_5g59sxv2,SagePrince,7jiKyC2MUMMp,259867
561,u_5s73urdp@xxai.com,u_5s73urdp,TinyBird,K69xWSA8qAxn,643902
928,u_earogb02@xxai.com,u_earogb02,Windy_Frog,RmxQZ49PESnF,260881
962,u_bytq4nzw@xxai.com,u_bytq4nzw,Crazy_Tiger,MYEHPuMYwN5v,543393
434,u_3x46gjk7@xxai.com,u_3x46gjk7,范晚霞,6TZbNJCB2Dph,664035
950,u_2j25bqrp@xxai.com,u_2j25bqrp,叶梦回,QFFWEEzLD2jA,623381
1628,u_67hgeyxa@xxai.com,u_67hgeyxa,胡晚霞,UzrjKvYYEcjf,80618
1172,u_75301lfq@xxai.com,u_75301lfq,易倾城,3oXnMo2Y7KUy,527103
1954,u_6v64of71@xxai.com,u_6v64of71,方竹风,RwiAYDh7qaGu,496175
1945,u_6wyq2qs7@xxai.com,u_6wyq2qs7,風の魔女,4cmZqwVK4CJi,611102
269,u_9a51ako1@xxai.com,u_9a51ako1,孙小麦,6topwYi44R3u,768177
1979,u_5ihqjosh@xxai.com,u_5ihqjosh,WildBear,SW9FaeQhEFb9,516270
217,u_di7h3ah5@xxai.com,u_di7h3ah5,CrystalSeeker,Verrzkwyg9Xo,544803
754,u_a0y0tj05@xxai.com,u_a0y0tj05,姚朝露,UvjfafCpoPF8,939919
600,u_eiyymvp4@xxai.com,u_eiyymvp4,赖紫霞,44DHffCA3a7D,483777
1689,u_85qq9v5d@xxai.com,u_85qq9v5d,薛初晴,6EvXaBVpoamU,415570
132,u_9t3z879o@xxai.com,u_9t3z879o,余霜降,S5FRidAYNfFj,869893
189,u_why0spxt@xxai.com,u_why0spxt,太陽,MzzYJ9qD7Auv,571575
1798,u_4ztmlt5l@xxai.com,u_4ztmlt5l,SethWriter,Y11b3Dxm1C12,104706
518,u_anba7cyh@xxai.com,u_anba7cyh,汪似锦,J3GzDJSHUPp2,416932
1479,u_epoenv75@xxai.com,u_epoenv75,罗小麦,PxjNoLY6wA5r,569588
943,u_dhixmscn@xxai.com,u_dhixmscn,ちひろ,7Td92PJ84HrR,878355
1586,u_dt9p2pev@xxai.com,u_dt9p2pev,冬の鳥,JCrK2TNtkYj6,885946
1612,u_a217eb1q@xxai.com,u_a217eb1q,乔倾城,GR3D1Q9RDnMb,730003
764,u_bmsdn7pl@xxai.com,u_bmsdn7pl,ことりさん,UvM5M3VTgDcF,771687
1413,u_1u5pt1er@xxai.com,u_1u5pt1er,Epic_Frog,RoxfknxPFtox,832939
215,u_b31s6874@xxai.com,u_b31s6874,秋の天使,RCi2gb6j54oe,231259
982,u_ektqjz6y@xxai.com,u_ektqjz6y,戴初晴,JG2dejKKtb24,854564
331,u_4b5kc16r@xxai.com,u_4b5kc16r,马浅夏,Y4PDjcafZPam,690529
1379,u_3vwnrwqw@xxai.com,u_3vwnrwqw,PhoenixMountain,5FF84NnQLvfG,387995
1185,u_cli09xn8@xxai.com,u_cli09xn8,HappyDuck,NeKbAsfZ6tBG,363934
1860,u_epcbhf08@xxai.com,u_epcbhf08,胡浅笑,GEhHWpXcUZ2s,498165
126,u_a2ma63ms@xxai.com,u_a2ma63ms,DrewRider,Ffv8yHaL7Z7p,146837
695,u_917e8s95@xxai.com,u_917e8s95,江湖夜雨,QQ7sfbYNC4WZ,815396
1549,u_7d2abq72@xxai.com,u_7d2abq72,叶稻花,4SX7MTe9Gvqf,841800
897,u_bh22hvfa@xxai.com,u_bh22hvfa,黄含烟,GLRqf5jpyBsU,407133
938,u_8lcsh4go@xxai.com,u_8lcsh4go,Wild_Tiger,7tJsixzbXo2P,888728
259,u_5pts83nm@xxai.com,u_5pts83nm,沈樱桃,58LJkzPHVhDm,199699
985,u_34bmxys6@xxai.com,u_34bmxys6,于慕白,Gzn9GrUEufFu,647628
247,u_55zandrg@xxai.com,u_55zandrg,秋の住人,SPR8XRZL5wE3,883682
1990,u_2nufdul9@xxai.com,u_2nufdul9,月の王子,HNMt6ShUG7r2,440470
880,u_e7030yne@xxai.com,u_e7030yne,SethFisher,XUWRgPQ2Gqi1,255277
1936,u_h2h81d9t@xxai.com,u_h2h81d9t,夢の姫,6fBiCdipUC8Y,878370
573,u_82vfkdsa@xxai.com,u_82vfkdsa,冬の魚,TF4ndkWJw5D2,673997
413,u_6o131lhb@xxai.com,u_6o131lhb,WillowLight,QdwFmyAzUKTW,2015
1963,u_7o24xfla@xxai.com,u_7o24xfla,HopePrince,MWktq2F9HDhz,975150
888,u_5y62uz2k@xxai.com,u_5y62uz2k,Cool_Fish,Sj5VfBvYmf7b,998673
1097,u_9y4ywuuv@xxai.com,u_9y4ywuuv,曾银河,YCHLjAB3LLQx,244084
1779,u_87c44mie@xxai.com,u_87c44mie,余清风,CJnjMT6sXEay,907274
424,u_34gm25de@xxai.com,u_34gm25de,雨の猫,DddmAb72BEtQ,743323
1927,u_efaafpgp@xxai.com,u_efaafpgp,EmmaKing,HLpDzmEgYjew,273137
25,u_dideojpu@xxai.com,u_dideojpu,ElmWind,6Rvg7tnZoVGn,927908
727,u_3xf40wu3@xxai.com,u_3xf40wu3,NovaKind,6iPNuwVeLpRL,688775
1509,u_4q54d996@xxai.com,u_4q54d996,みずき,XaBgfGYwwfLi,706922
1162,u_eybm1yob@xxai.com,u_eybm1yob,周云起,FqVkYpTLQTof,934157
585,u_2ouwte7i@xxai.com,u_2ouwte7i,RileyBaker,8GhYYgTVvDUR,435740
1091,u_2jz4e7fq@xxai.com,u_2jz4e7fq,雪の姫,R5UC3NwNyqiE,776575
1987,u_6sfb7814@xxai.com,u_6sfb7814,夜の精,QN7KCxw5E3HC,612267
1789,u_xvly1o8v@xxai.com,u_xvly1o8v,春の猫,LxXJKD6fSjtU,596225
1665,u_9y1lu92v@xxai.com,u_9y1lu92v,梁叶飞,PdU2WWNvKFPt,843174
1828,u_1qhc7iya@xxai.com,u_1qhc7iya,あい,8RZA6HztuZyc,90237
537,u_4yg97ptk@xxai.com,u_4yg97ptk,段温柔,WgfjzEbwB3Zb,672394
1439,u_bep07gii@xxai.com,u_bep07gii,札幌住み,SLKFRy7s1Fhz,685445
84,u_e6betath@xxai.com,u_e6betath,虹の賢者,DoH6XF7Bq5HZ,814172
1545,u_b38mx03n@xxai.com,u_b38mx03n,段兰心,PJ2AmW6LEQb6,466208
1300,u_b1ys4wkm@xxai.com,u_b1ys4wkm,LeoBold,WeKNgipVARqH,659004
611,u_4p1fcqgl@xxai.com,u_4p1fcqgl,朝の騎士,XVvwGxhqsou2,689471
580,u_1iia46m4@xxai.com,u_1iia46m4,TinyBear,5NfDKWdg6V9E,712369
250,u_1b0zkyyp@xxai.com,u_1b0zkyyp,阎清风,9Vk3jBpNFbJ1,289500
91,u_9sysmdc5@xxai.com,u_9sysmdc5,SageHunter,AELncfWtggC8,260542
97,u_ct93p5dm@xxai.com,u_ct93p5dm,札幌っ子,9EcA7tGrw6ot,248658
1096,u_d06exxnc@xxai.com,u_d06exxnc,ひなたさん,2SFMARqqA6LP,909255
1512,u_76gy9yhk@xxai.com,u_76gy9yhk,LazyDeer,BYozRq1wtKdm,877480
235,u_66o5z3w8@xxai.com,u_66o5z3w8,MiaWood,FQCUgotaDR4B,787878
1397,u_8hle4yr6@xxai.com,u_8hle4yr6,韩花落,PQHfn968bQcZ,363544
1884,u_1a46cym2@xxai.com,u_1a46cym2,侯梦回,5tLeoYiTSozt,439020
1723,u_cr2lna4g@xxai.com,u_cr2lna4g,ElmRain,KXc2iYXpwD6V,848983
272,u_3mjfghz0@xxai.com,u_3mjfghz0,周拾光,BJWAbP47gFt5,821758
1876,u_eo7gdq22@xxai.com,u_eo7gdq22,孙绿野,8x5GXybghBSs,933634
371,u_1rj91nrv@xxai.com,u_1rj91nrv,StormyAnt,Sw4RpRW7T8he,9584
591,u_4n00ldax@xxai.com,u_4n00ldax,LiamSmith,Vy48bd9NMhZn,356223
641,u_a6xhf79n@xxai.com,u_a6xhf79n,程花落,Qx4JfKYR7MBn,409835
720,u_50quc9sl@xxai.com,u_50quc9sl,夕焼,3sQS9n3GXbYs,741899
1886,u_1azq39bs@xxai.com,u_1azq39bs,まったり屋,HbnuctESSvbZ,812099
81,u_6ivq7gvn@xxai.com,u_6ivq7gvn,RileyDreamer,361cysoJnPpE,943581
296,u_778cq3wv@xxai.com,u_778cq3wv,LiamPainter,6q24rE1Gw5Tf,131080
1639,u_a8msgijb@xxai.com,u_a8msgijb,FaithKind,Y2a1xeTAnAQY,150588
