序号,邮箱,用户名,昵称,密码,pincode,街拍标签
1592,u_2azxhbb5@xxai.com,u_2azxhbb5,CheungKai,BU1FFdQj1CeT,588359,摄影博主
1186,u_qcfgrxri@xxai.com,u_qcfgrxri,WingLau88,KxzzBtYuFqJa,469194,街拍摄影师
789,u_eoi6ldjs@xxai.com,u_eoi6ldjs,HoYat,ScjXkCnGaAe4,269206,街拍达人
1474,u_aavr45pz@xxai.com,u_aavr45pz,JasonMak,6xwp8RuF9yFE,185271,摄影师
1433,u_cfn57bma@xxai.com,u_cfn57bma,TszHim,63c9xuEzsGF7,495423,街拍玩家
1623,u_e9648glf@xxai.com,u_e9648glf,CalvinYip,AT77nMDMKcur,127572,摄影博主
1778,u_4wrcf628@xxai.com,u_4wrcf628,LokmanC,SoBm6aX58Kv3,51629,街拍博主
809,u_dreo119s@xxai.com,u_dreo119s,KenChow,FeRNVZSGHfjU,594754,街拍摄影师
1049,u_du8olkxs@xxai.com,u_du8olkxs,HinsonW,MBosNbcwdzc3,113179,街拍博主
64,u_5tdtt4k8@xxai.com,u_5tdtt4k8,PakHei,5wySTE61XPwr,906606,街拍摄影师
135,u_1k77820m@xxai.com,u_1k77820m,MarcusLeung,NeKx3KHygtsv,447076,街拍爱好者
77,u_dvatyied@xxai.com,u_dvatyied,WaiKit,2eEf1U7t4yMC,162933,街拍达人
107,u_u3eeqfjc@xxai.com,u_u3eeqfjc,RyanTsang,W8Be8EbmaaKo,647042,街拍摄影师
520,u_5baqarmt@xxai.com,u_5baqarmt,HimLaw,Ei5u4J8KTJTz,584239,街拍博主
198,u_bp9vujk6@xxai.com,u_bp9vujk6,DerekFok,KYBqqgpXG2z2,687255,街拍爱好者
890,u_8rwndjl7@xxai.com,u_8rwndjl7,BoscoT,2L8giZVRjLPz,478203,街拍玩家
609,u_8kwx0ubn@xxai.com,u_8kwx0ubn,KaChun,GNkm1fJGYgFh,484828,街拍玩家
1521,u_1snot8ap@xxai.com,u_1snot8ap,IvanPoon,Y9zYVwEYqBHv,953158,街拍玩家
1825,u_43kxeb9r@xxai.com,u_43kxeb9r,JunHoHK,4gxZPsBCUkF3,433499,摄影达人
838,u_2p1voc1f@xxai.com,u_2p1voc1f,MingSir,QXbdgEX4YP7K,319534,摄影师
251,u_89h9hihs@xxai.com,u_89h9hihs,KelvinAu,DTpVLvg3iP5L,376071,街拍玩家
1610,u_7wvrupa3@xxai.com,u_7wvrupa3,HeiWong,TZDAQN8etCT4,995910,摄影师
414,u_dxty4nk5@xxai.com,u_dxty4nk5,ArthurKwan,PUdPg8Xgv5Ps,399025,街拍摄影师
1517,u_ad6a2zrz@xxai.com,u_ad6a2zrz,ZaneYuen,2WvFgcBqKT9u,825235,街拍玩家
1014,u_ai0iuf90@xxai.com,u_ai0iuf90,NeoCheng,UqGJXdTgWxM7,120994,摄影师
667,u_4m32h6gg@xxai.com,u_4m32h6gg,AimanZ,2iemVQdHttoL,389141,摄影博主
1956,u_42s70y1e@xxai.com,u_42s70y1e,FarisX,9NCx9F7Ewwaq,121993,摄影师
819,u_eq98ghe7@xxai.com,u_eq98ghe7,HafizR,UtKFUfVRLzWK,472904,摄影师
205,u_6t46m86z@xxai.com,u_6t46m86z,AmirulK,PnnExU567iGo,994696,摄影博主
904,u_6dv3dlif@xxai.com,u_6dv3dlif,SyafiqN,HvzjeuRWKhK6,33882,街拍博主
656,u_8dppcr9p@xxai.com,u_8dppcr9p,DanishM,KgaqMcvh8SwY,158291,摄影达人
429,u_d8ta0bnf@xxai.com,u_d8ta0bnf,IrfanJ,RnpFwvQ4PyHB,834794,街拍达人
359,u_3gxqgnae@xxai.com,u_3gxqgnae,RizwanQ,RfCitiyyHxsY,15496,街拍摄影师
756,u_6dg9lhzp@xxai.com,u_6dg9lhzp,HakimV,8cS4DKKD9tYW,686008,街拍爱好者
309,u_3pp10x1u@xxai.com,u_3pp10x1u,AzriL,SzE7PBY6dkyc,198623,街拍爱好者
1462,u_190z2l5t@xxai.com,u_190z2l5t,WeiJieMY,3cxueNKoMULj,110246,摄影博主
1834,u_6bd4s7cv@xxai.com,u_6bd4s7cv,JunWei88,Ky5Jrnh7wNkE,230478,街拍摄影师
987,u_asifewwo@xxai.com,u_asifewwo,ZhiHaoKL,XCHvd1fvpbgs,518211,街拍爱好者
1792,u_bjiw7xf1@xxai.com,u_bjiw7xf1,MingXuan,VGTquShsg1Hf,910665,摄影师
477,u_d0pfgswn@xxai.com,u_d0pfgswn,JianHaoM,7LqKRpUcJJu1,118966,街拍摄影师
989,u_5fmdq37w@xxai.com,u_5fmdq37w,AaronTeh,L3VHmtj5vta9,47041,街拍博主
383,u_ef6396ub@xxai.com,u_ef6396ub,DarrenLim,D6beE6GUUhqp,682391,摄影师
1420,u_3kv5zoos@xxai.com,u_3kv5zoos,ShawnTan,T1kAZ33vJ6VH,169507,街拍达人
140,u_9r17g0fr@xxai.com,u_9r17g0fr,EugeneOng,8eLQf3AsiTGJ,207403,街拍摄影师
1908,u_104qu52n@xxai.com,u_104qu52n,BryanLow,YNJMFCHsksvB,113015,摄影博主
776,u_8t9msgz0@xxai.com,u_8t9msgz0,AlvinKhoo,Bt1svMa394VH,277952,摄影达人
164,u_87b6vs1q@xxai.com,u_87b6vs1q,MarcusSim,8Npx3tPYTuub,999070,街拍达人
399,u_dxr5ug22@xxai.com,u_dxr5ug22,RyanGoh,Gqi36VhR8mvg,486510,摄影博主
115,u_br0amaub@xxai.com,u_br0amaub,JoelNg,8PnMx2L3M77H,206825,摄影师
1082,u_afmnxz3p@xxai.com,u_afmnxz3p,AdrianYap,9GbXnqsPAxCU,79853,摄影博主
261,u_4kupmbhl@xxai.com,u_4kupmbhl,EthanTeo,4UvDgbw9m9NP,862883,街拍博主
680,u_c1251ts4@xxai.com,u_c1251ts4,MarcusChia,3ap3DjfyjmdG,116233,摄影师
632,u_dbp64l1b@xxai.com,u_dbp64l1b,RyanQuek,KS67s7Uqvjoh,499996,街拍摄影师
461,u_aw7gk7gk@xxai.com,u_aw7gk7gk,ShawnSeah,Ub9fmK4JpSgG,505375,街拍玩家
868,u_3v1jj51x@xxai.com,u_3v1jj51x,DylanKoh,EbwgKhsFckXc,750008,街拍玩家
807,u_cd618iob@xxai.com,u_cd618iob,BrandonLiew,WxtFEY4nmTmf,273927,街拍达人
1765,u_675mnprv@xxai.com,u_675mnprv,LucasToh,4DoFH95mXYJa,586011,摄影达人
380,u_c2grwk35@xxai.com,u_c2grwk35,CalebFoo,HSZ9QpQBSbtY,965997,摄影达人
746,u_ex68rg1d@xxai.com,u_ex68rg1d,AaronWee,XYpPYgZCUmjf,559245,摄影博主
1793,u_al6z3s8v@xxai.com,u_al6z3s8v,TristanHo,WRxR3ENDV4fB,669129,街拍摄影师
23,u_5wqipk83@xxai.com,u_5wqipk83,IanTay,GfyEiTQF2QTE,237942,摄影师
452,u_29krl5yb@xxai.com,u_29krl5yb,JustinPeh,NDQ8Npvk97bG,365585,街拍达人
310,u_cxff13i6@xxai.com,u_cxff13i6,NathanYeo,KZPN9Gmzw4qv,105442,摄影博主
1154,u_14osgb1i@xxai.com,u_14osgb1i,WesleyLim,6aqt72DGzPYp,740554,街拍爱好者
52,u_1i98gjun@xxai.com,u_1i98gjun,GavinChoo,FhL2wLLbW7R6,183302,街拍达人
1978,u_3yqrji36@xxai.com,u_3yqrji36,CedricTan,8GWBpeS2RWQA,504164,摄影师
386,u_7ozt5nu0@xxai.com,u_7ozt5nu0,LeonOng,Viw1QugCRFCM,404659,摄影师
1658,u_6dmwph3i@xxai.com,u_6dmwph3i,DarrenTeh,F7p4KHGugYVs,974928,街拍摄影师
705,u_2b8es206@xxai.com,u_2b8es206,MarcusYap,YUcYTRxkgV3L,68947,摄影达人
120,u_6401dm3l@xxai.com,u_6401dm3l,ElliotGoh,UuUTryF3VoSn,782463,街拍玩家
1107,u_a7xodqm3@xxai.com,u_a7xodqm3,ZavierNg,7uBHmPvWjmb1,311114,街拍摄影师
1346,u_4fy2qjnk@xxai.com,u_4fy2qjnk,AshtonLow,8CaEpnSP5APN,918987,摄影师
1259,u_5kdhbo5z@xxai.com,u_5kdhbo5z,BryanKwek,EAV5Jq14Kbay,163721,摄影达人
510,u_1rtn7sfb@xxai.com,u_1rtn7sfb,AdrianToh,HBYChLzXCtu7,610182,街拍爱好者
1642,u_1oje8zrt@xxai.com,u_1oje8zrt,XavierSim,9HD13vwEYu1M,968688,街拍博主
334,u_2khl20vy@xxai.com,u_2khl20vy,にこまる,CuX5fhnUko36,274684,街拍达人
986,u_1uny3qzs@xxai.com,u_1uny3qzs,RizkyNova,UoCewZh4nrZt,444817,摄影师
844,u_67gb7p5l@xxai.com,u_67gb7p5l,BayuRama,WgADrUQr9S76,16571,街拍达人
1740,u_9wc04hbc@xxai.com,u_9wc04hbc,星のシャッター,2eFRSkrW9seZ,442092,街拍玩家
358,u_9a38zqzs@xxai.com,u_9a38zqzs,morgan.star_,5oobcTah5WSy,919175,摄影博主
579,u_6ly13wqq@xxai.com,u_6ly13wqq,Leo Mercer,4QJgtMKcUX6G,49151,街拍摄影师
1398,u_3h0ang6o@xxai.com,u_3h0ang6o,Kai Bennett,SX7bEV3X5V95,159725,街拍摄影师
538,u_86iay580@xxai.com,u_86iay580,Rowan Miles,NgYSqR3sfC9m,224970,街拍摄影师
780,u_1b86qvgp@xxai.com,u_1b86qvgp,Theo Carter,Xt5evWMzBvB7,905,街拍摄影师
823,u_15lxmnox@xxai.com,u_15lxmnox,Jules Martin,WXqB2f1NgM9L,169435,街拍摄影师
288,u_61d6ubdp@xxai.com,u_61d6ubdp,Noah Blake,Vum4xfbqmcfR,445761,街拍摄影师
1805,u_c0d8srsm@xxai.com,u_c0d8srsm,Finn Harper,K8NHcH1w51EC,536363,街拍摄影师
1734,u_b7ywmeun@xxai.com,u_b7ywmeun,Luca Hayes,Z6eCfm7BQsYC,500191,街拍摄影师
1106,u_6jmzdrgf@xxai.com,u_6jmzdrgf,Eli Parker,62G8rb9pTM5F,147415,街拍摄影师
1957,u_1e1yob4k@xxai.com,u_1e1yob4k,Max Rowan,VyhpWEz5r8hL,799009,街拍摄影师
1975,u_7olnktwe@xxai.com,u_7olnktwe,Arlo James,KWLJ9dUFxGV5,101069,街拍摄影师
571,u_d8d6dgy0@xxai.com,u_d8d6dgy0,Owen Brooks,NmurP3GZJVao,135257,街拍摄影师
301,u_9dzoxtr3@xxai.com,u_9dzoxtr3,Milo Reed,7c1jUHTHQXPZ,883496,街拍摄影师
1799,u_015ylaw2@xxai.com,u_015ylaw2,Ezra Cole,DgmzU5FYWP9Z,586637,街拍摄影师
767,u_7dm6ruij@xxai.com,u_7dm6ruij,Jamie Foster,5Xy9HnhCT9KW,865349,街拍摄影师
1410,u_2rwsri1n@xxai.com,u_2rwsri1n,Dylan West,D3trYTzupTBq,651462,街拍摄影师
602,u_as6me78l@xxai.com,u_as6me78l,Alex Monroe,MwZZUHVPqj32,40974,街拍摄影师
1406,u_7x3rb88r@xxai.com,u_7x3rb88r,Sam Rivers,3E4sLYKXReNf,501190,街拍摄影师
1068,u_bm1bkmfu@xxai.com,u_bm1bkmfu,Nico Hart,NgTzAqgA8EhU,301207,街拍摄影师
61,u_9b44efz3@xxai.com,u_9b44efz3,Ryan Ellis,3Gv9kGp4s6Nk,983227,街拍摄影师
175,u_urjbex3u@xxai.com,u_urjbex3u,After The Rain,14uJVQGVviQ3,274290,街拍摄影师
185,u_byseqixt@xxai.com,u_byseqixt,Somewhere Between,JSfcpxXxhjm3,718847,街拍摄影师
199,u_6k9egdxj@xxai.com,u_6k9egdxj,Sunday Photographer,Ai2o5GmVvLfP,407212,街拍摄影师
1655,u_8uq2uf0o@xxai.com,u_8uq2uf0o,One More Roll,Fax1ew8fDkda,104632,街拍摄影师
1591,u_6ndd1yyp@xxai.com,u_6ndd1yyp,Out Walking,Tu3MSnWhxCaY,672339,街拍摄影师
1668,u_8uc7x4gw@xxai.com,u_8uc7x4gw,Seen From Here,Gt4zWjMUA7fR,717790,街拍摄影师
1395,u_bhf3dego@xxai.com,u_bhf3dego,Keep Looking,G175cqFGkHQL,320469,街拍摄影师
1572,u_5j8lth8m@xxai.com,u_5j8lth8m,Found On Film,5xtSWjCPpUwJ,336962,街拍摄影师
787,u_a5e6hl51@xxai.com,u_a5e6hl51,Through My Window,4vbm8hhSjQpW,434919,街拍摄影师
463,u_cxm13hml@xxai.com,u_cxm13hml,Before Sunset,Kb687FQzbZku,52250,街拍摄影师
426,u_gkcnlpmc@xxai.com,u_gkcnlpmc,Nothing Staged,8m62EzbYqBry,467302,街拍摄影师
977,u_2ndx2l6m@xxai.com,u_2ndx2l6m,Just Passing,7LvkHRdRzqS2,444540,街拍摄影师
1344,u_15c9jkw5@xxai.com,u_15c9jkw5,The Last Exposure,Y85Wr1ZYqBA6,968904,街拍摄影师
1131,u_axe3x9d2@xxai.com,u_axe3x9d2,Somewhere North,WMVYvVm5JnJZ,319523,街拍摄影师
1076,u_398xt4yu@xxai.com,u_398xt4yu,Along The Way,5m3q11EQU6E3,823591,街拍摄影师
1174,u_2hs9ou3o@xxai.com,u_2hs9ou3o,Second Look,MuFNRJ8m1MCg,696958,街拍摄影师
852,u_2fxr8j2l@xxai.com,u_2fxr8j2l,Take Two,2uDo1R6zfKHL,41965,街拍摄影师
1708,u_66a8hw5g@xxai.com,u_66a8hw5g,In Between Days,3LeY5MVMx5zk,945245,街拍摄影师
240,u_3k2e9zg8@xxai.com,u_3k2e9zg8,Around The Corner,LaN1dZNm9CCh,114049,街拍摄影师
415,u_caukz8rz@xxai.com,u_caukz8rz,No Filter Today,NeoRzuLthTN4,540031,街拍摄影师
99,u_9kdk23mq@xxai.com,u_9kdk23mq,Grainy Days,PPdXbbiwiTkE,977753,街拍摄影师
658,u_9ey6yfmi@xxai.com,u_9ey6yfmi,35mm Diary,LnYg7cZvTehu,57331,街拍摄影师
1709,u_5g59sxv2@xxai.com,u_5g59sxv2,Film After Dark,7jiKyC2MUMMp,259867,街拍摄影师
927,u_9ptbs1ep@xxai.com,u_9ptbs1ep,Kodak Weekend,2CNDrYJbshxq,252780,街拍摄影师
900,u_eqxm8xm0@xxai.com,u_eqxm8xm0,Negative Space,A9r2zS9abpCP,235554,街拍摄影师
627,u_50aa6lb1@xxai.com,u_50aa6lb1,Half Frame,3HArH242gLNp,844705,街拍摄影师
508,u_2oz1uv85@xxai.com,u_2oz1uv85,Roll Number Seven,FoPh3TSj7w3S,157028,街拍摄影师
564,u_4h0fa1ds@xxai.com,u_4h0fa1ds,Dust On Film,HqpdjjjaHNiQ,259659,街拍摄影师
998,u_1ctsc7gh@xxai.com,u_1ctsc7gh,Silver Halide,Ty5uDD5d1to5,232691,街拍摄影师
565,u_cthcanci@xxai.com,u_cthcanci,Contact Sheet,LrsZN3aWxQcx,555107,街拍摄影师
605,u_envodugn@xxai.com,u_envodugn,Street Notes,XRrqLtq7pjKB,961511,街拍摄影师
1454,u_3f8d719j@xxai.com,u_3f8d719j,Corner Store,XcXAcFc4uLcm,947391,街拍摄影师
751,u_3zg5uwbh@xxai.com,u_3zg5uwbh,Passing Faces,PBFtcnYDJPpU,933207,街拍摄影师
856,u_cqs9e371@xxai.com,u_cqs9e371,Last Train Home,W4Kh4aPYSY9X,39817,街拍摄影师
676,u_f3plb4a7@xxai.com,u_f3plb4a7,City After Rain,RfmV9oDj6bCC,620948,街拍摄影师
271,u_1jsl4ncv@xxai.com,u_1jsl4ncv,Neon Walk,HP8u1rKmXZr6,48778,街拍摄影师
791,u_asipquif@xxai.com,u_asipquif,Side Street,HuoMLDFWLXaN,340950,街拍摄影师
1340,u_bk8mnhv2@xxai.com,u_bk8mnhv2,Empty Platform,WB9zYNTQjEGm,422227,街拍摄影师
1982,u_4wds80gu@xxai.com,u_4wds80gu,Window Seat,JwykDnLNxR51,122778,街拍摄影师
1926,u_6hblq0yi@xxai.com,u_6hblq0yi,Night Bus,TAKoRkk22Axg,289546,街拍摄影师
1840,u_5zrf9g1f@xxai.com,u_5zrf9g1f,不專業攝影師,XyFukQR2ydn2,123671,街拍摄影师
553,u_3nrksbeh@xxai.com,u_3nrksbeh,NaufalD,GLC3yxK5RuYQ,737603,街拍摄影师
127,u_7al89lv2@xxai.com,u_7al89lv2,相機帶著走,DdN1PYx5AY77,943493,街拍摄影师
536,u_326l2cuk@xxai.com,u_326l2cuk,AdityaN,5FyMsmaiHxRr,974583,街拍摄影师
1968,u_a6a330y1@xxai.com,u_a6a330y1,VinoK,WXsTrKCaubqX,429072,街拍摄影师
174,u_eap2z0or@xxai.com,u_eap2z0or,YogaPratama,DtxS2JT2MpYp,980425,街拍摄影师
1724,u_3dfin128@xxai.com,u_3dfin128,Ardiansyah,JqWpng7GqBf7,219025,街拍摄影师
59,u_4y9uetvz@xxai.com,u_4y9uetvz,我只是路過,QrAzs9TiMU3X,786313,街拍摄影师
1627,u_8v8767cf@xxai.com,u_8v8767cf,RafiQ,NgDn2HwMyZYo,328224,街拍摄影师
1995,u_8p3c8s99@xxai.com,u_8p3c8s99,有光就拍,JGz2TEyHWqTt,703282,街拍摄影师
1163,u_8lg73p55@xxai.com,u_8lg73p55,KevinWijaya,5BYEP7czZVMS,440402,街拍摄影师
1496,u_adbhikmq@xxai.com,u_adbhikmq,街角觀察員,2ztZHwXGxdeH,873782,街拍摄影师
1189,u_01rnc3f5@xxai.com,u_01rnc3f5,城市散步中,RkMwoBpsmKJ7,724323,街拍摄影师
529,u_5u5jyhoe@xxai.com,u_5u5jyhoe,找光的人,FgmKjJpKxebB,371124,街拍摄影师
628,u_8423iz58@xxai.com,u_8423iz58,喜歡這個角度,TXhkGLKfx9ot,67211,街拍摄影师
1757,u_f03ljc97@xxai.com,u_f03ljc97,DaffaR,E789Eq1N51z5,441444,街拍摄影师
1919,u_bixj2ale@xxai.com,u_bixj2ale,相機沒電了,Qos3QSmSoMtx,774739,街拍摄影师
1646,u_admp8duy@xxai.com,u_admp8duy,RehanAz,AK4Ni74dtK8w,105206,街拍摄影师
859,u_9eea8r3r@xxai.com,u_9eea8r3r,GilangX,5uijTb5b3S9W,422252,街拍摄影师
1639,u_a8msgijb@xxai.com,u_a8msgijb,TegarM,Y2a1xeTAnAQY,150588,街拍摄影师
1409,u_juwkwvlr@xxai.com,u_juwkwvlr,Jason Wong,4VYZDa9kLoTr,123446,街拍摄影师
443,u_ebxrux31@xxai.com,u_ebxrux31,Alex Chan,6jRQhqddT13r,954858,街拍摄影师
294,u_3exut61p@xxai.com,u_3exut61p,Kevin Lau,HykU1LxTbNyy,295880,街拍摄影师
1515,u_9h185msm@xxai.com,u_9h185msm,Daniel Ho,9HuW2pb7hfXY,813537,街拍摄影师
191,u_5rym9irx@xxai.com,u_5rym9irx,Ryan Cheung,Up5NCsBn4MEg,285690,街拍摄影师
158,u_ezhantoj@xxai.com,u_ezhantoj,Michael Lam,7pahC7jvo2Yr,956566,街拍摄影师
886,u_2zc0bcna@xxai.com,u_2zc0bcna,Brian Lee,HPYXLX8UFmPE,411833,街拍摄影师
122,u_2qrdfrkn@xxai.com,u_2qrdfrkn,Vincent Ng,6ok48MCqUfmm,313112,街拍摄影师
773,u_113pb93o@xxai.com,u_113pb93o,Andy Yip,To7fWivh4tr4,717343,街拍摄影师
1226,u_5j1c1i25@xxai.com,u_5j1c1i25,Chris Leung,99k1XzjwjA5R,520885,街拍摄影师
572,u_c917dfss@xxai.com,u_c917dfss,Justin Kwok,2EbP2DGvEAFB,185559,街拍摄影师
1242,u_5k1vrunu@xxai.com,u_5k1vrunu,Kenneth Ma,332Rk3NCDQG7,209361,街拍摄影师
1574,u_dxhaq6gn@xxai.com,u_dxhaq6gn,Oscar Cheng,KBGPBn9YwDuE,497585,街拍摄影师
494,u_2fsbkqgo@xxai.com,u_2fsbkqgo,Adrian Tse,AJUQwFhPjfaW,11012,街拍摄影师
1375,u_epfgaes5@xxai.com,u_epfgaes5,Matthew Hui,GrqqYke69Bzj,218424,街拍摄影师
568,u_3uvpd290@xxai.com,u_3uvpd290,Eric Tang,BUdjcLcB5MP3,534013,街拍摄影师
1292,u_7eabjcjz@xxai.com,u_7eabjcjz,Tony Fong,TV9392CbFYm3,727793,街拍摄影师
1970,u_b7i04xrt@xxai.com,u_b7i04xrt,Raymond Luk,LdGD1ExViHGX,66965,街拍摄影师
618,u_5mu26gp6@xxai.com,u_5mu26gp6,Marcus Tam,SgzomJHKVSNo,131202,街拍摄影师
315,u_6bpuo87n@xxai.com,u_6bpuo87n,Wilson Kwan,4hSLLJhLHhV8,687384,街拍摄影师
